feature set,mode,transform,anchor,model,n_seeds,WAPE % median [5%-90%],MAPE % median [5%-90%],R2 median [5%-90%],"n_invalid (test, median)"
-,-,-,none,zero residual = Paper A s_h/m_h,1,21.7 [21.7–21.7],39.5 [39.5–39.5],0.939 [0.939–0.939],0.0
-,-,-,none,paperA_sh_mh_station,1,22.6 [22.6–22.6],41.5 [41.5–41.5],0.935 [0.935–0.935],0.0
-,-,-,none,slope_only,1,25.4 [25.4–25.4],27.4 [27.4–27.4],0.849 [0.849–0.849],
-,direct,none,peak,anchor_only_Linear,1,25.6 [25.6–25.6],47.4 [47.4–47.4],0.912 [0.912–0.912],
-,direct,none,size,anchor_only_Linear,1,70.4 [70.4–70.4],109.7 [109.7–109.7],-0.042 [-0.042–-0.042],
-,direct,none,size+peak,anchor_only_Linear,1,25.6 [25.6–25.6],47.4 [47.4–47.4],0.912 [0.912–0.912],
whdd,direct,log,size_peak,Linear,1,52.4 [52.4–52.4],73.7 [73.7–73.7],0.490 [0.490–0.490],
whdd,direct,log,size_peak,Ridge,1,54.7 [54.7–54.7],38.8 [38.8–38.8],0.100 [0.100–0.100],
whdd,direct,log,size_peak,XGBoost,1,51.5 [51.5–51.5],34.8 [34.8–34.8],0.125 [0.125–0.125],
whdd,direct,none,size_peak,Linear,1,38.4 [38.4–38.4],55.9 [55.9–55.9],0.760 [0.760–0.760],
whdd,direct,none,size_peak,Ridge,1,44.5 [44.5–44.5],46.3 [46.3–46.3],0.453 [0.453–0.453],
whdd,direct,none,size_peak,XGBoost,1,47.1 [47.1–47.1],39.3 [39.3–39.3],0.309 [0.309–0.309],
whdd,residual,log,size_peak,Ridge,1,27.7 [27.7–27.7],27.7 [27.7–27.7],0.815 [0.815–0.815],0.0
whdd,residual,log,size_peak,XGBoost,1,27.3 [27.3–27.3],27.5 [27.5–27.5],0.821 [0.821–0.821],0.0
netfit,direct,log,size_peak,Linear,1,31.2 [31.2–31.2],30.8 [30.8–30.8],0.671 [0.671–0.671],
netfit,direct,log,size_peak,Ridge,1,27.2 [27.2–27.2],30.5 [30.5–30.5],0.853 [0.853–0.853],
netfit,direct,log,size_peak,XGBoost,1,42.3 [42.3–42.3],30.3 [30.3–30.3],0.379 [0.379–0.379],
netfit,direct,none,size_peak,Linear,1,35.7 [35.7–35.7],46.5 [46.5–46.5],0.767 [0.767–0.767],
netfit,direct,none,size_peak,Ridge,1,19.5 [19.5–19.5],27.5 [27.5–27.5],0.930 [0.930–0.930],
netfit,direct,none,size_peak,XGBoost,1,26.7 [26.7–26.7],30.2 [30.2–30.2],0.842 [0.842–0.842],
netfit,residual,log,size_peak,Ridge,1,27.2 [27.2–27.2],27.5 [27.5–27.5],0.823 [0.823–0.823],0.0
netfit,residual,log,size_peak,XGBoost,1,27.2 [27.2–27.2],27.5 [27.5–27.5],0.823 [0.823–0.823],0.0
both,direct,log,size_peak,Linear,1,36.5 [36.5–36.5],42.9 [42.9–42.9],0.638 [0.638–0.638],
both,direct,log,size_peak,Ridge,1,41.0 [41.0–41.0],35.2 [35.2–35.2],0.663 [0.663–0.663],
both,direct,log,size_peak,XGBoost,1,39.5 [39.5–39.5],26.5 [26.5–26.5],0.438 [0.438–0.438],
both,direct,none,size_peak,Linear,1,32.0 [32.0–32.0],49.5 [49.5–49.5],0.857 [0.857–0.857],
both,direct,none,size_peak,Ridge,1,29.1 [29.1–29.1],38.2 [38.2–38.2],0.848 [0.848–0.848],
both,direct,none,size_peak,XGBoost,1,37.5 [37.5–37.5],29.4 [29.4–29.4],0.554 [0.554–0.554],
both,residual,log,size_peak,Ridge,1,27.3 [27.3–27.3],27.5 [27.5–27.5],0.821 [0.821–0.821],0.0
both,residual,log,size_peak,XGBoost,1,27.6 [27.6–27.6],27.5 [27.5–27.5],0.816 [0.816–0.816],0.0
