method,pred_kW,true_kW,err_kW,abs_pct_err
XGBoost,166.34146118164062,238.51424035310907,-72.17277917146845,30.25931661967858
baseline:median,145.45140800000047,238.51424035310907,-93.0628323531086,39.017725824392485
SVR,129.20315460514877,238.51424035310907,-109.3110857479603,45.83000393860358
FFNN,349.9947509765625,238.51424035310907,111.48051062345343,46.739561737870154
baseline:density,102.44249446666669,238.51424035310907,-136.0717458864424,57.04973660482266
Ridge,645.1847509553756,238.51424035310907,406.6705106022666,170.50156418342573
ElasticNet,646.3343918013694,238.51424035310907,407.82015144826033,170.98356510894354
Lasso,649.203304359638,238.51424035310907,410.6890640065289,172.18639163788424
LinearReg,969.9233260095195,238.51424035310907,731.4090856564105,306.65216658493597
