set,method,n,mape,r2,pred
Swiss test,raw delta,1080,60.165402424291514,-0.01281425066597941,
Swiss test,delta calib (intercept),1080,48.08799829334471,0.8964832095882076,
Swiss test,delta calib (origin),1080,22.3888292170711,0.8955161415985002,
Swiss test,fitted slope-only,1080,42.282146707483506,0.9101042314852293,
synthetic WPUQ,raw delta,400,63.974193023753266,-0.2672873703049725,
synthetic WPUQ,delta calib (intercept),400,158.60537641528393,-0.30230636923386345,
synthetic WPUQ,delta calib (origin),400,22.192950305976943,0.9088890730888535,
synthetic WPUQ,fitted slope-only,400,142.5660449917776,-0.19631523301592324,
real WPUQ feeder,raw delta,1,69.77935090443974,,72.08055162005427
real WPUQ feeder,delta calib (intercept),1,12.957930753395894,,207.60773025116495
real WPUQ feeder,delta calib (origin),1,18.44699349698567,,194.51553394578627
real WPUQ feeder,fitted slope-only,1,1.3378752089526247,,235.32321746160315
