penetration,n,true_mean,XGB_mape,calDelta_mape,slopeMap_mape
0.1,108,41.89306462962981,63.07850196241361,50.83821306891706,117.58099181878003
0.2,108,86.38214396296337,25.28092130636825,23.242361802962304,48.72464758025231
0.3,108,127.74964514814867,16.343649468262473,20.30937712394096,40.40757070232144
0.4,108,169.21605648148218,15.567321005199805,18.65617025653824,29.836790841702122
0.5,108,212.8004903333343,10.881864161903515,18.970171305015597,26.348623514524895
0.6,108,254.66408014814903,9.606551789679113,19.206130709071175,25.613475185578793
0.7,108,295.8552451111125,9.984590867987414,17.84791367304131,25.083103382219484
0.8,108,329.0440922222238,11.297532039147509,18.976949243690296,22.74632773013182
0.9,108,381.9877741851869,12.328364517818962,17.995724470745937,22.34160415959627
1.0,108,423.2982197407425,13.615169368407617,17.84528051678814,22.084621810429525
