penetration,n_hp,reps,true_mean,xgb_mape,xgb_cov,hockey_mape,hockey_cov,xgb_pred_mean,hockey_pred_mean
0.10810810810810811,4,30,26.260186199776534,34.61219340098562,1.0,132.1000206552395,1.0,17.784705750147502,59.814878884350875
0.1891891891891892,7,30,46.410158055576055,19.703672482165533,1.0,66.40834898416445,1.0,39.73788267771403,76.53994408514033
0.2972972972972973,11,30,70.75310467894928,20.084185801915048,1.0,32.62757222567117,1.0,61.616294606526694,93.68228266862138
0.40540540540540543,15,30,95.51223654741513,10.00314550389892,1.0,19.399349901473347,1.0,94.23738301595053,113.69884867693602
0.5135135135135135,19,30,123.54808661665194,8.072874825473564,1.0,13.040884827158514,1.0,129.16148783365887,139.21804945592967
0.5945945945945946,22,30,143.03293929205046,6.010388323201365,1.0,7.789421183666388,1.0,144.4203877766927,153.54412660225017
0.7027027027027027,26,30,167.78061520363602,6.995808189912295,1.0,4.91295982929998,1.0,157.0760060628255,173.73711983793663
0.8108108108108109,30,30,194.3990293180321,11.613461753304074,1.0,3.66473854607843,1.0,171.77722625732423,197.8723485521678
0.8918918918918919,33,30,213.5866804056659,14.998711909892704,1.0,1.9518143334082367,1.0,181.5455057779948,214.424251541303
1.0,37,1,238.51424035310907,18.32414379735652,1.0,1.9482695124865723,1.0,194.8085479736328,233.8673401253705
