k,cv_rmse_mean,cv_rmse_std
5,38.74363935226047,2.628101426688224
10,32.42260592143568,2.4509731804770625
15,25.596924919005687,1.2719907897158604
20,23.881041153396975,1.753525778607987
30,22.06163780116088,1.3090786683264173
40,21.249589736987794,1.3097701113814435
60,20.539332752614207,1.4671962006880868
80,20.71588469796955,1.278733428025505
120,20.39153387078615,2.007465885726783
160,19.389665559456027,1.6827376290952134
220,20.05808257415881,1.3450976754929207
274,20.179122574532276,1.7556067105955173
