split_seed,n_substations,hinge_inside_net,hinge_inside_hp,at_bound_net,coincpeak_gt_peak,failed_net_fit,failed_hp_fit,arm,family
0,3875,1.0,1.0,0.001032258064516129,1413,0,0,arm2,physics
1,3875,1.0,1.0,0.0018064516129032257,1370,0,0,arm2,physics
2,3875,1.0,1.0,0.0015483870967741935,1345,0,0,arm2,physics
3,3875,1.0,1.0,0.0015483870967741935,1347,0,0,arm2,physics
4,3875,1.0,1.0,0.0015483870967741935,1367,0,0,arm2,physics
5,3875,1.0,1.0,0.0015483870967741935,1376,0,0,arm2,physics
6,3875,1.0,1.0,0.002838709677419355,1351,0,0,arm2,physics
7,3875,1.0,1.0,0.0018064516129032257,1386,0,0,arm2,physics
8,3875,1.0,1.0,0.0012903225806451613,1365,0,0,arm2,physics
9,3875,1.0,1.0,0.0036129032258064514,1381,0,0,arm2,physics
10,3875,1.0,1.0,0.003096774193548387,1371,0,0,arm2,physics
11,3875,1.0,1.0,0.002064516129032258,1394,0,0,arm2,physics
12,3875,1.0,1.0,0.002064516129032258,1335,0,0,arm2,physics
13,3875,1.0,1.0,0.002838709677419355,1359,0,0,arm2,physics
14,3875,1.0,1.0,0.00232258064516129,1369,0,0,arm2,physics
15,3875,1.0,1.0,0.0012903225806451613,1342,0,0,arm2,physics
16,3875,1.0,1.0,0.0033548387096774194,1306,0,0,arm2,physics
17,3875,1.0,1.0,0.002838709677419355,1327,0,0,arm2,physics
18,3875,1.0,1.0,0.0012903225806451613,1355,0,0,arm2,physics
19,3875,1.0,1.0,0.0018064516129032257,1347,0,0,arm2,physics
