exp_id,split_seed,dataset,target,method,anchor,feature_set,mode,target_transform,cell,metric,value,n_substations,n_hp_households,arm,family
iter05b_quick_bstar,0,bstar_2023,HP_Peak,slope_base,none,-,-,-,all,wape,29.13521717236602,8,17,q_bstar_o1b,physics
iter05b_quick_bstar,0,bstar_2023,HP_Peak,slope_base,none,-,-,-,all,rmse,10.538223694100568,8,17,q_bstar_o1b,physics
iter05b_quick_bstar,0,bstar_2023,HP_Peak,slope_base,none,-,-,-,all,mae,6.703570324708275,8,17,q_bstar_o1b,physics
iter05b_quick_bstar,0,bstar_2023,HP_Peak,slope_base,none,-,-,-,all,mape,26.59398491001056,8,17,q_bstar_o1b,physics
iter05b_quick_bstar,0,bstar_2023,HP_Peak,slope_base,none,-,-,-,all,r2,0.6615809641496024,8,17,q_bstar_o1b,physics
iter05b_quick_bstar,0,bstar_2023,HP_Peak,slope_base,none,-,-,-,all,n_pred_nan,0.0,8,17,q_bstar_o1b,physics
iter05b_quick_bstar,0,bstar_2023,HP_Peak,slope_base,none,-,-,-,all,mape_n_excluded,0.0,8,17,q_bstar_o1b,physics
iter05b_quick_bstar,0,bstar_2023,HP_Peak,slope_base,none,-,-,-,pbin<=15,wape,32.07416395901652,6,12,q_bstar_o1b,physics
iter05b_quick_bstar,0,bstar_2023,HP_Peak,slope_base,none,-,-,-,pbin<=15,rmse,7.366637752990257,6,12,q_bstar_o1b,physics
iter05b_quick_bstar,0,bstar_2023,HP_Peak,slope_base,none,-,-,-,pbin<=15,mae,4.7881806614060585,6,12,q_bstar_o1b,physics
iter05b_quick_bstar,0,bstar_2023,HP_Peak,slope_base,none,-,-,-,pbin<=15,mape,25.61119637847233,6,12,q_bstar_o1b,physics
iter05b_quick_bstar,0,bstar_2023,HP_Peak,slope_base,none,-,-,-,pbin<=15,r2,0.6734500984566669,6,12,q_bstar_o1b,physics
iter05b_quick_bstar,0,bstar_2023,HP_Peak,slope_base,none,-,-,-,pbin<=15,n_pred_nan,0.0,6,12,q_bstar_o1b,physics
iter05b_quick_bstar,0,bstar_2023,HP_Peak,slope_base,none,-,-,-,pbin<=15,mape_n_excluded,0.0,6,12,q_bstar_o1b,physics
iter05b_quick_bstar,0,bstar_2023,HP_Peak,slope_base,none,-,-,-,pbin35-65,wape,26.349481087670966,2,9,q_bstar_o1b,physics
iter05b_quick_bstar,0,bstar_2023,HP_Peak,slope_base,none,-,-,-,pbin35-65,rmse,16.77541591604412,2,9,q_bstar_o1b,physics
iter05b_quick_bstar,0,bstar_2023,HP_Peak,slope_base,none,-,-,-,pbin35-65,mae,12.449739314614927,2,9,q_bstar_o1b,physics
iter05b_quick_bstar,0,bstar_2023,HP_Peak,slope_base,none,-,-,-,pbin35-65,mape,29.54235050462523,2,9,q_bstar_o1b,physics
iter05b_quick_bstar,0,bstar_2023,HP_Peak,slope_base,none,-,-,-,pbin35-65,r2,-8.186975245387988,2,9,q_bstar_o1b,physics
iter05b_quick_bstar,0,bstar_2023,HP_Peak,slope_base,none,-,-,-,pbin35-65,n_pred_nan,0.0,2,9,q_bstar_o1b,physics
iter05b_quick_bstar,0,bstar_2023,HP_Peak,slope_base,none,-,-,-,pbin35-65,mape_n_excluded,0.0,2,9,q_bstar_o1b,physics
iter05b_quick_bstar,0,bstar_2023,HP_Peak,slope_base,none,-,-,-,p0.1|n10,wape,27.621112510184936,4,4,q_bstar_o1b,physics
iter05b_quick_bstar,0,bstar_2023,HP_Peak,slope_base,none,-,-,-,p0.1|n10,rmse,2.4891401815063974,4,4,q_bstar_o1b,physics
iter05b_quick_bstar,0,bstar_2023,HP_Peak,slope_base,none,-,-,-,p0.1|n10,mae,1.7473621240302062,4,4,q_bstar_o1b,physics
iter05b_quick_bstar,0,bstar_2023,HP_Peak,slope_base,none,-,-,-,p0.1|n10,mape,22.653601412657526,4,4,q_bstar_o1b,physics
iter05b_quick_bstar,0,bstar_2023,HP_Peak,slope_base,none,-,-,-,p0.1|n10,r2,-0.13409211104795027,4,4,q_bstar_o1b,physics
iter05b_quick_bstar,0,bstar_2023,HP_Peak,slope_base,none,-,-,-,p0.1|n10,n_pred_nan,0.0,4,4,q_bstar_o1b,physics
iter05b_quick_bstar,0,bstar_2023,HP_Peak,slope_base,none,-,-,-,p0.1|n10,mape_n_excluded,0.0,4,4,q_bstar_o1b,physics
iter05b_quick_bstar,0,bstar_2023,HP_Peak,slope_base,none,-,-,-,p0.1|n40,wape,33.82755083976428,2,8,q_bstar_o1b,physics
iter05b_quick_bstar,0,bstar_2023,HP_Peak,slope_base,none,-,-,-,p0.1|n40,rmse,12.264192499507036,2,8,q_bstar_o1b,physics
iter05b_quick_bstar,0,bstar_2023,HP_Peak,slope_base,none,-,-,-,p0.1|n40,mae,10.869817736157763,2,8,q_bstar_o1b,physics
iter05b_quick_bstar,0,bstar_2023,HP_Peak,slope_base,none,-,-,-,p0.1|n40,mape,31.52638631010195,2,8,q_bstar_o1b,physics
iter05b_quick_bstar,0,bstar_2023,HP_Peak,slope_base,none,-,-,-,p0.1|n40,r2,-2.447429969627378,2,8,q_bstar_o1b,physics
iter05b_quick_bstar,0,bstar_2023,HP_Peak,slope_base,none,-,-,-,p0.1|n40,n_pred_nan,0.0,2,8,q_bstar_o1b,physics
iter05b_quick_bstar,0,bstar_2023,HP_Peak,slope_base,none,-,-,-,p0.1|n40,mape_n_excluded,0.0,2,8,q_bstar_o1b,physics
iter05b_quick_bstar,0,bstar_2023,HP_Peak,slope_base,none,-,-,-,p0.5|n10,wape,26.349481087670966,2,9,q_bstar_o1b,physics
iter05b_quick_bstar,0,bstar_2023,HP_Peak,slope_base,none,-,-,-,p0.5|n10,rmse,16.77541591604412,2,9,q_bstar_o1b,physics
iter05b_quick_bstar,0,bstar_2023,HP_Peak,slope_base,none,-,-,-,p0.5|n10,mae,12.449739314614927,2,9,q_bstar_o1b,physics
iter05b_quick_bstar,0,bstar_2023,HP_Peak,slope_base,none,-,-,-,p0.5|n10,mape,29.54235050462523,2,9,q_bstar_o1b,physics
iter05b_quick_bstar,0,bstar_2023,HP_Peak,slope_base,none,-,-,-,p0.5|n10,r2,-8.186975245387988,2,9,q_bstar_o1b,physics
iter05b_quick_bstar,0,bstar_2023,HP_Peak,slope_base,none,-,-,-,p0.5|n10,n_pred_nan,0.0,2,9,q_bstar_o1b,physics
iter05b_quick_bstar,0,bstar_2023,HP_Peak,slope_base,none,-,-,-,p0.5|n10,mape_n_excluded,0.0,2,9,q_bstar_o1b,physics
iter05b_quick_bstar,0,bstar_2023,HP_Peak,slope_base,none,-,-,-,all,at_bound_share_train,0.0,24,55,q_bstar_o1b,physics
iter05b_quick_bstar,0,bstar_2023,HP_Peak,slope_base,none,-,-,-,all,at_bound_share_test,0.125,8,17,q_bstar_o1b,physics
iter05b_quick_bstar,0,bstar_2023,HP_Peak,paperA_sh_mh,none,-,-,-,all,wape,20.188488005225896,8,17,q_bstar_o1b,physics
iter05b_quick_bstar,0,bstar_2023,HP_Peak,paperA_sh_mh,none,-,-,-,all,rmse,7.267890686302768,8,17,q_bstar_o1b,physics
iter05b_quick_bstar,0,bstar_2023,HP_Peak,paperA_sh_mh,none,-,-,-,all,mae,4.645064023099952,8,17,q_bstar_o1b,physics
iter05b_quick_bstar,0,bstar_2023,HP_Peak,paperA_sh_mh,none,-,-,-,all,mape,26.22780812682082,8,17,q_bstar_o1b,physics
iter05b_quick_bstar,0,bstar_2023,HP_Peak,paperA_sh_mh,none,-,-,-,all,r2,0.8390330441410037,8,17,q_bstar_o1b,physics
iter05b_quick_bstar,0,bstar_2023,HP_Peak,paperA_sh_mh,none,-,-,-,all,n_pred_nan,0.0,8,17,q_bstar_o1b,physics
iter05b_quick_bstar,0,bstar_2023,HP_Peak,paperA_sh_mh,none,-,-,-,all,mape_n_excluded,0.0,8,17,q_bstar_o1b,physics
iter05b_quick_bstar,0,bstar_2023,HP_Peak,paperA_sh_mh,none,-,-,-,all,n_invalid,0.0,8,17,q_bstar_o1b,physics
iter05b_quick_bstar,0,bstar_2023,HP_Peak,paperA_sh_mh,none,-,-,-,all,n_station_fallback,0.0,8,17,q_bstar_o1b,physics
iter05b_quick_bstar,0,bstar_2023,HP_Peak,paperA_sh_mh,none,-,-,-,pbin<=15,wape,15.365889055629497,6,12,q_bstar_o1b,physics
iter05b_quick_bstar,0,bstar_2023,HP_Peak,paperA_sh_mh,none,-,-,-,pbin<=15,rmse,2.476101665809917,6,12,q_bstar_o1b,physics
iter05b_quick_bstar,0,bstar_2023,HP_Peak,paperA_sh_mh,none,-,-,-,pbin<=15,mae,2.2938915232673818,6,12,q_bstar_o1b,physics
iter05b_quick_bstar,0,bstar_2023,HP_Peak,paperA_sh_mh,none,-,-,-,pbin<=15,mape,25.97512213991604,6,12,q_bstar_o1b,physics
iter05b_quick_bstar,0,bstar_2023,HP_Peak,paperA_sh_mh,none,-,-,-,pbin<=15,r2,0.9631066685950118,6,12,q_bstar_o1b,physics
iter05b_quick_bstar,0,bstar_2023,HP_Peak,paperA_sh_mh,none,-,-,-,pbin<=15,n_pred_nan,0.0,6,12,q_bstar_o1b,physics
iter05b_quick_bstar,0,bstar_2023,HP_Peak,paperA_sh_mh,none,-,-,-,pbin<=15,mape_n_excluded,0.0,6,12,q_bstar_o1b,physics
iter05b_quick_bstar,0,bstar_2023,HP_Peak,paperA_sh_mh,none,-,-,-,pbin35-65,wape,24.75967928263391,2,9,q_bstar_o1b,physics
iter05b_quick_bstar,0,bstar_2023,HP_Peak,paperA_sh_mh,none,-,-,-,pbin35-65,rmse,13.8886897054368,2,9,q_bstar_o1b,physics
iter05b_quick_bstar,0,bstar_2023,HP_Peak,paperA_sh_mh,none,-,-,-,pbin35-65,mae,11.698581522597662,2,9,q_bstar_o1b,physics
iter05b_quick_bstar,0,bstar_2023,HP_Peak,paperA_sh_mh,none,-,-,-,pbin35-65,mape,26.985866087535143,2,9,q_bstar_o1b,physics
iter05b_quick_bstar,0,bstar_2023,HP_Peak,paperA_sh_mh,none,-,-,-,pbin35-65,r2,-5.297214743046761,2,9,q_bstar_o1b,physics
iter05b_quick_bstar,0,bstar_2023,HP_Peak,paperA_sh_mh,none,-,-,-,pbin35-65,n_pred_nan,0.0,2,9,q_bstar_o1b,physics
iter05b_quick_bstar,0,bstar_2023,HP_Peak,paperA_sh_mh,none,-,-,-,pbin35-65,mape_n_excluded,0.0,2,9,q_bstar_o1b,physics
iter05b_quick_bstar,0,bstar_2023,HP_Peak,paperA_sh_mh,none,-,-,-,p0.1|n10,wape,34.962449500780984,4,4,q_bstar_o1b,physics
iter05b_quick_bstar,0,bstar_2023,HP_Peak,paperA_sh_mh,none,-,-,-,p0.1|n10,rmse,2.4214114637735356,4,4,q_bstar_o1b,physics
iter05b_quick_bstar,0,bstar_2023,HP_Peak,paperA_sh_mh,none,-,-,-,p0.1|n10,mae,2.2117885367020085,4,4,q_bstar_o1b,physics
iter05b_quick_bstar,0,bstar_2023,HP_Peak,paperA_sh_mh,none,-,-,-,p0.1|n10,mape,34.70512865173087,4,4,q_bstar_o1b,physics
iter05b_quick_bstar,0,bstar_2023,HP_Peak,paperA_sh_mh,none,-,-,-,p0.1|n10,r2,-0.07321517940869571,4,4,q_bstar_o1b,physics
iter05b_quick_bstar,0,bstar_2023,HP_Peak,paperA_sh_mh,none,-,-,-,p0.1|n10,n_pred_nan,0.0,4,4,q_bstar_o1b,physics
iter05b_quick_bstar,0,bstar_2023,HP_Peak,paperA_sh_mh,none,-,-,-,p0.1|n10,mape_n_excluded,0.0,4,4,q_bstar_o1b,physics
iter05b_quick_bstar,0,bstar_2023,HP_Peak,paperA_sh_mh,none,-,-,-,p0.1|n40,wape,7.649752741658861,2,8,q_bstar_o1b,physics
iter05b_quick_bstar,0,bstar_2023,HP_Peak,paperA_sh_mh,none,-,-,-,p0.1|n40,rmse,2.5820091836575916,2,8,q_bstar_o1b,physics
iter05b_quick_bstar,0,bstar_2023,HP_Peak,paperA_sh_mh,none,-,-,-,p0.1|n40,mae,2.4580974963981284,2,8,q_bstar_o1b,physics
iter05b_quick_bstar,0,bstar_2023,HP_Peak,paperA_sh_mh,none,-,-,-,p0.1|n40,mape,8.515109116286384,2,8,q_bstar_o1b,physics
iter05b_quick_bstar,0,bstar_2023,HP_Peak,paperA_sh_mh,none,-,-,-,p0.1|n40,r2,0.8471965707811265,2,8,q_bstar_o1b,physics
iter05b_quick_bstar,0,bstar_2023,HP_Peak,paperA_sh_mh,none,-,-,-,p0.1|n40,n_pred_nan,0.0,2,8,q_bstar_o1b,physics
iter05b_quick_bstar,0,bstar_2023,HP_Peak,paperA_sh_mh,none,-,-,-,p0.1|n40,mape_n_excluded,0.0,2,8,q_bstar_o1b,physics
iter05b_quick_bstar,0,bstar_2023,HP_Peak,paperA_sh_mh,none,-,-,-,p0.5|n10,wape,24.75967928263391,2,9,q_bstar_o1b,physics
iter05b_quick_bstar,0,bstar_2023,HP_Peak,paperA_sh_mh,none,-,-,-,p0.5|n10,rmse,13.8886897054368,2,9,q_bstar_o1b,physics
iter05b_quick_bstar,0,bstar_2023,HP_Peak,paperA_sh_mh,none,-,-,-,p0.5|n10,mae,11.698581522597662,2,9,q_bstar_o1b,physics
iter05b_quick_bstar,0,bstar_2023,HP_Peak,paperA_sh_mh,none,-,-,-,p0.5|n10,mape,26.985866087535143,2,9,q_bstar_o1b,physics
iter05b_quick_bstar,0,bstar_2023,HP_Peak,paperA_sh_mh,none,-,-,-,p0.5|n10,r2,-5.297214743046761,2,9,q_bstar_o1b,physics
iter05b_quick_bstar,0,bstar_2023,HP_Peak,paperA_sh_mh,none,-,-,-,p0.5|n10,n_pred_nan,0.0,2,9,q_bstar_o1b,physics
iter05b_quick_bstar,0,bstar_2023,HP_Peak,paperA_sh_mh,none,-,-,-,p0.5|n10,mape_n_excluded,0.0,2,9,q_bstar_o1b,physics
iter05b_quick_bstar,0,bstar_2023,HP_Peak,paperA_corr,none,-,-,-,all,wape,29.125061289357674,8,17,q_bstar_o1b,physics
iter05b_quick_bstar,0,bstar_2023,HP_Peak,paperA_corr,none,-,-,-,all,rmse,9.73209091725247,8,17,q_bstar_o1b,physics
iter05b_quick_bstar,0,bstar_2023,HP_Peak,paperA_corr,none,-,-,-,all,mae,6.701233610499036,8,17,q_bstar_o1b,physics
iter05b_quick_bstar,0,bstar_2023,HP_Peak,paperA_corr,none,-,-,-,all,mape,30.63037009214312,8,17,q_bstar_o1b,physics
iter05b_quick_bstar,0,bstar_2023,HP_Peak,paperA_corr,none,-,-,-,all,r2,0.7113761120548752,8,17,q_bstar_o1b,physics
iter05b_quick_bstar,0,bstar_2023,HP_Peak,paperA_corr,none,-,-,-,all,n_pred_nan,0.0,8,17,q_bstar_o1b,physics
iter05b_quick_bstar,0,bstar_2023,HP_Peak,paperA_corr,none,-,-,-,all,mape_n_excluded,0.0,8,17,q_bstar_o1b,physics
iter05b_quick_bstar,0,bstar_2023,HP_Peak,paperA_corr,none,-,-,-,all,n_invalid,0.0,8,17,q_bstar_o1b,physics
iter05b_quick_bstar,0,bstar_2023,HP_Peak,paperA_corr,none,-,-,-,all,n_station_fallback,0.0,8,17,q_bstar_o1b,physics
iter05b_quick_bstar,0,bstar_2023,HP_Peak,paperA_corr,none,-,-,-,pbin<=15,wape,33.730531811726685,6,12,q_bstar_o1b,physics
iter05b_quick_bstar,0,bstar_2023,HP_Peak,paperA_corr,none,-,-,-,pbin<=15,rmse,6.741436046201482,6,12,q_bstar_o1b,physics
iter05b_quick_bstar,0,bstar_2023,HP_Peak,paperA_corr,none,-,-,-,pbin<=15,mae,5.035450973132828,6,12,q_bstar_o1b,physics
iter05b_quick_bstar,0,bstar_2023,HP_Peak,paperA_corr,none,-,-,-,pbin<=15,mape,31.611178011201396,6,12,q_bstar_o1b,physics
iter05b_quick_bstar,0,bstar_2023,HP_Peak,paperA_corr,none,-,-,-,pbin<=15,r2,0.726526174316507,6,12,q_bstar_o1b,physics
iter05b_quick_bstar,0,bstar_2023,HP_Peak,paperA_corr,none,-,-,-,pbin<=15,n_pred_nan,0.0,6,12,q_bstar_o1b,physics
iter05b_quick_bstar,0,bstar_2023,HP_Peak,paperA_corr,none,-,-,-,pbin<=15,mape_n_excluded,0.0,6,12,q_bstar_o1b,physics
iter05b_quick_bstar,0,bstar_2023,HP_Peak,paperA_corr,none,-,-,-,pbin35-65,wape,24.75967928263392,2,9,q_bstar_o1b,physics
iter05b_quick_bstar,0,bstar_2023,HP_Peak,paperA_corr,none,-,-,-,pbin35-65,rmse,15.572844781593313,2,9,q_bstar_o1b,physics
iter05b_quick_bstar,0,bstar_2023,HP_Peak,paperA_corr,none,-,-,-,pbin35-65,mae,11.698581522597664,2,9,q_bstar_o1b,physics
iter05b_quick_bstar,0,bstar_2023,HP_Peak,paperA_corr,none,-,-,-,pbin35-65,mape,27.6879463349683,2,9,q_bstar_o1b,physics
iter05b_quick_bstar,0,bstar_2023,HP_Peak,paperA_corr,none,-,-,-,pbin35-65,r2,-6.917022203204265,2,9,q_bstar_o1b,physics
iter05b_quick_bstar,0,bstar_2023,HP_Peak,paperA_corr,none,-,-,-,pbin35-65,n_pred_nan,0.0,2,9,q_bstar_o1b,physics
iter05b_quick_bstar,0,bstar_2023,HP_Peak,paperA_corr,none,-,-,-,pbin35-65,mape_n_excluded,0.0,2,9,q_bstar_o1b,physics
iter05b_quick_bstar,0,bstar_2023,HP_Peak,paperA_corr,none,-,-,-,p0.1|n10,wape,37.34084526689776,4,4,q_bstar_o1b,physics
iter05b_quick_bstar,0,bstar_2023,HP_Peak,paperA_corr,none,-,-,-,p0.1|n10,rmse,3.355277565277523,4,4,q_bstar_o1b,physics
iter05b_quick_bstar,0,bstar_2023,HP_Peak,paperA_corr,none,-,-,-,p0.1|n10,mae,2.3622502053308088,4,4,q_bstar_o1b,physics
iter05b_quick_bstar,0,bstar_2023,HP_Peak,paperA_corr,none,-,-,-,p0.1|n10,mape,31.370486914809813,4,4,q_bstar_o1b,physics
iter05b_quick_bstar,0,bstar_2023,HP_Peak,paperA_corr,none,-,-,-,p0.1|n10,r2,-1.0606608697532738,4,4,q_bstar_o1b,physics
iter05b_quick_bstar,0,bstar_2023,HP_Peak,paperA_corr,none,-,-,-,p0.1|n10,n_pred_nan,0.0,4,4,q_bstar_o1b,physics
iter05b_quick_bstar,0,bstar_2023,HP_Peak,paperA_corr,none,-,-,-,p0.1|n10,mape_n_excluded,0.0,4,4,q_bstar_o1b,physics
iter05b_quick_bstar,0,bstar_2023,HP_Peak,paperA_corr,none,-,-,-,p0.1|n40,wape,32.30897261340551,2,8,q_bstar_o1b,physics
iter05b_quick_bstar,0,bstar_2023,HP_Peak,paperA_corr,none,-,-,-,p0.1|n40,rmse,10.66888489088549,2,8,q_bstar_o1b,physics
iter05b_quick_bstar,0,bstar_2023,HP_Peak,paperA_corr,none,-,-,-,p0.1|n40,mae,10.381852508736866,2,8,q_bstar_o1b,physics
iter05b_quick_bstar,0,bstar_2023,HP_Peak,paperA_corr,none,-,-,-,p0.1|n40,mape,32.09256020398457,2,8,q_bstar_o1b,physics
iter05b_quick_bstar,0,bstar_2023,HP_Peak,paperA_corr,none,-,-,-,p0.1|n40,r2,-1.6088889568085434,2,8,q_bstar_o1b,physics
iter05b_quick_bstar,0,bstar_2023,HP_Peak,paperA_corr,none,-,-,-,p0.1|n40,n_pred_nan,0.0,2,8,q_bstar_o1b,physics
iter05b_quick_bstar,0,bstar_2023,HP_Peak,paperA_corr,none,-,-,-,p0.1|n40,mape_n_excluded,0.0,2,8,q_bstar_o1b,physics
iter05b_quick_bstar,0,bstar_2023,HP_Peak,paperA_corr,none,-,-,-,p0.5|n10,wape,24.75967928263392,2,9,q_bstar_o1b,physics
iter05b_quick_bstar,0,bstar_2023,HP_Peak,paperA_corr,none,-,-,-,p0.5|n10,rmse,15.572844781593313,2,9,q_bstar_o1b,physics
iter05b_quick_bstar,0,bstar_2023,HP_Peak,paperA_corr,none,-,-,-,p0.5|n10,mae,11.698581522597664,2,9,q_bstar_o1b,physics
iter05b_quick_bstar,0,bstar_2023,HP_Peak,paperA_corr,none,-,-,-,p0.5|n10,mape,27.6879463349683,2,9,q_bstar_o1b,physics
iter05b_quick_bstar,0,bstar_2023,HP_Peak,paperA_corr,none,-,-,-,p0.5|n10,r2,-6.917022203204265,2,9,q_bstar_o1b,physics
iter05b_quick_bstar,0,bstar_2023,HP_Peak,paperA_corr,none,-,-,-,p0.5|n10,n_pred_nan,0.0,2,9,q_bstar_o1b,physics
iter05b_quick_bstar,0,bstar_2023,HP_Peak,paperA_corr,none,-,-,-,p0.5|n10,mape_n_excluded,0.0,2,9,q_bstar_o1b,physics
iter05b_quick_bstar,0,bstar_2023,HP_Peak,paperA_corr_own,none,-,-,-,all,wape,28.65494738617704,8,17,q_bstar_o1b,physics
iter05b_quick_bstar,0,bstar_2023,HP_Peak,paperA_corr_own,none,-,-,-,all,rmse,9.24101697198565,8,17,q_bstar_o1b,physics
iter05b_quick_bstar,0,bstar_2023,HP_Peak,paperA_corr_own,none,-,-,-,all,mae,6.593067551809639,8,17,q_bstar_o1b,physics
iter05b_quick_bstar,0,bstar_2023,HP_Peak,paperA_corr_own,none,-,-,-,all,mape,29.30038580617239,8,17,q_bstar_o1b,physics
iter05b_quick_bstar,0,bstar_2023,HP_Peak,paperA_corr_own,none,-,-,-,all,r2,0.7397687226768171,8,17,q_bstar_o1b,physics
iter05b_quick_bstar,0,bstar_2023,HP_Peak,paperA_corr_own,none,-,-,-,all,n_pred_nan,0.0,8,17,q_bstar_o1b,physics
iter05b_quick_bstar,0,bstar_2023,HP_Peak,paperA_corr_own,none,-,-,-,all,mape_n_excluded,0.0,8,17,q_bstar_o1b,physics
iter05b_quick_bstar,0,bstar_2023,HP_Peak,paperA_corr_own,none,-,-,-,all,n_invalid,0.0,8,17,q_bstar_o1b,physics
iter05b_quick_bstar,0,bstar_2023,HP_Peak,paperA_corr_own,none,-,-,-,all,n_station_fallback,0.0,8,17,q_bstar_o1b,physics
iter05b_quick_bstar,0,bstar_2023,HP_Peak,paperA_corr_own,none,-,-,-,pbin<=15,wape,30.869772835328295,6,12,q_bstar_o1b,physics
iter05b_quick_bstar,0,bstar_2023,HP_Peak,paperA_corr_own,none,-,-,-,pbin<=15,rmse,6.126641749634126,6,12,q_bstar_o1b,physics
iter05b_quick_bstar,0,bstar_2023,HP_Peak,paperA_corr_own,none,-,-,-,pbin<=15,mae,4.608383541999244,6,12,q_bstar_o1b,physics
iter05b_quick_bstar,0,bstar_2023,HP_Peak,paperA_corr_own,none,-,-,-,pbin<=15,mape,29.383427147051062,6,12,q_bstar_o1b,physics
iter05b_quick_bstar,0,bstar_2023,HP_Peak,paperA_corr_own,none,-,-,-,pbin<=15,r2,0.7741313789263354,6,12,q_bstar_o1b,physics
iter05b_quick_bstar,0,bstar_2023,HP_Peak,paperA_corr_own,none,-,-,-,pbin<=15,n_pred_nan,0.0,6,12,q_bstar_o1b,physics
iter05b_quick_bstar,0,bstar_2023,HP_Peak,paperA_corr_own,none,-,-,-,pbin<=15,mape_n_excluded,0.0,6,12,q_bstar_o1b,physics
iter05b_quick_bstar,0,bstar_2023,HP_Peak,paperA_corr_own,none,-,-,-,pbin35-65,wape,26.55558335446779,2,9,q_bstar_o1b,physics
iter05b_quick_bstar,0,bstar_2023,HP_Peak,paperA_corr_own,none,-,-,-,pbin35-65,rmse,15.132030971453487,2,9,q_bstar_o1b,physics
iter05b_quick_bstar,0,bstar_2023,HP_Peak,paperA_corr_own,none,-,-,-,pbin35-65,mae,12.54711958124083,2,9,q_bstar_o1b,physics
iter05b_quick_bstar,0,bstar_2023,HP_Peak,paperA_corr_own,none,-,-,-,pbin35-65,mape,29.051261783536386,2,9,q_bstar_o1b,physics
iter05b_quick_bstar,0,bstar_2023,HP_Peak,paperA_corr_own,none,-,-,-,pbin35-65,r2,-6.475158335765079,2,9,q_bstar_o1b,physics
iter05b_quick_bstar,0,bstar_2023,HP_Peak,paperA_corr_own,none,-,-,-,pbin35-65,n_pred_nan,0.0,2,9,q_bstar_o1b,physics
iter05b_quick_bstar,0,bstar_2023,HP_Peak,paperA_corr_own,none,-,-,-,pbin35-65,mape_n_excluded,0.0,2,9,q_bstar_o1b,physics
iter05b_quick_bstar,0,bstar_2023,HP_Peak,paperA_corr_own,none,-,-,-,p0.1|n10,wape,35.67945738306395,4,4,q_bstar_o1b,physics
iter05b_quick_bstar,0,bstar_2023,HP_Peak,paperA_corr_own,none,-,-,-,p0.1|n10,rmse,3.2276266309423023,4,4,q_bstar_o1b,physics
iter05b_quick_bstar,0,bstar_2023,HP_Peak,paperA_corr_own,none,-,-,-,p0.1|n10,mae,2.2571477674596534,4,4,q_bstar_o1b,physics
iter05b_quick_bstar,0,bstar_2023,HP_Peak,paperA_corr_own,none,-,-,-,p0.1|n10,mape,29.70069392515377,4,4,q_bstar_o1b,physics
iter05b_quick_bstar,0,bstar_2023,HP_Peak,paperA_corr_own,none,-,-,-,p0.1|n10,r2,-0.9068485398014505,4,4,q_bstar_o1b,physics
iter05b_quick_bstar,0,bstar_2023,HP_Peak,paperA_corr_own,none,-,-,-,p0.1|n10,n_pred_nan,0.0,4,4,q_bstar_o1b,physics
iter05b_quick_bstar,0,bstar_2023,HP_Peak,paperA_corr_own,none,-,-,-,p0.1|n10,mape_n_excluded,0.0,4,4,q_bstar_o1b,physics
iter05b_quick_bstar,0,bstar_2023,HP_Peak,paperA_corr_own,none,-,-,-,p0.1|n40,wape,28.975961842251262,2,8,q_bstar_o1b,physics
iter05b_quick_bstar,0,bstar_2023,HP_Peak,paperA_corr_own,none,-,-,-,p0.1|n40,rmse,9.57977400816657,2,8,q_bstar_o1b,physics
iter05b_quick_bstar,0,bstar_2023,HP_Peak,paperA_corr_own,none,-,-,-,p0.1|n40,mae,9.310855091078423,2,8,q_bstar_o1b,physics
iter05b_quick_bstar,0,bstar_2023,HP_Peak,paperA_corr_own,none,-,-,-,p0.1|n40,mape,28.748893590845654,2,8,q_bstar_o1b,physics
iter05b_quick_bstar,0,bstar_2023,HP_Peak,paperA_corr_own,none,-,-,-,p0.1|n40,r2,-1.1034299988539948,2,8,q_bstar_o1b,physics
iter05b_quick_bstar,0,bstar_2023,HP_Peak,paperA_corr_own,none,-,-,-,p0.1|n40,n_pred_nan,0.0,2,8,q_bstar_o1b,physics
iter05b_quick_bstar,0,bstar_2023,HP_Peak,paperA_corr_own,none,-,-,-,p0.1|n40,mape_n_excluded,0.0,2,8,q_bstar_o1b,physics
iter05b_quick_bstar,0,bstar_2023,HP_Peak,paperA_corr_own,none,-,-,-,p0.5|n10,wape,26.55558335446779,2,9,q_bstar_o1b,physics
iter05b_quick_bstar,0,bstar_2023,HP_Peak,paperA_corr_own,none,-,-,-,p0.5|n10,rmse,15.132030971453487,2,9,q_bstar_o1b,physics
iter05b_quick_bstar,0,bstar_2023,HP_Peak,paperA_corr_own,none,-,-,-,p0.5|n10,mae,12.54711958124083,2,9,q_bstar_o1b,physics
iter05b_quick_bstar,0,bstar_2023,HP_Peak,paperA_corr_own,none,-,-,-,p0.5|n10,mape,29.051261783536386,2,9,q_bstar_o1b,physics
iter05b_quick_bstar,0,bstar_2023,HP_Peak,paperA_corr_own,none,-,-,-,p0.5|n10,r2,-6.475158335765079,2,9,q_bstar_o1b,physics
iter05b_quick_bstar,0,bstar_2023,HP_Peak,paperA_corr_own,none,-,-,-,p0.5|n10,n_pred_nan,0.0,2,9,q_bstar_o1b,physics
iter05b_quick_bstar,0,bstar_2023,HP_Peak,paperA_corr_own,none,-,-,-,p0.5|n10,mape_n_excluded,0.0,2,9,q_bstar_o1b,physics
iter05b_quick_bstar,0,bstar_2023,HP_Peak,anchor_only_Linear,size,-,direct,none,all,wape,75.90871405855775,8,17,q_bstar_o1b,physics
iter05b_quick_bstar,0,bstar_2023,HP_Peak,anchor_only_Linear,size,-,direct,none,all,rmse,20.064618475047464,8,17,q_bstar_o1b,physics
iter05b_quick_bstar,0,bstar_2023,HP_Peak,anchor_only_Linear,size,-,direct,none,all,mae,17.465440533333428,8,17,q_bstar_o1b,physics
iter05b_quick_bstar,0,bstar_2023,HP_Peak,anchor_only_Linear,size,-,direct,none,all,mape,124.33906514219085,8,17,q_bstar_o1b,physics
iter05b_quick_bstar,0,bstar_2023,HP_Peak,anchor_only_Linear,size,-,direct,none,all,r2,-0.2268226061081433,8,17,q_bstar_o1b,physics
iter05b_quick_bstar,0,bstar_2023,HP_Peak,anchor_only_Linear,size,-,direct,none,all,n_pred_nan,0.0,8,17,q_bstar_o1b,physics
iter05b_quick_bstar,0,bstar_2023,HP_Peak,anchor_only_Linear,size,-,direct,none,all,mape_n_excluded,0.0,8,17,q_bstar_o1b,physics
iter05b_quick_bstar,0,bstar_2023,HP_Peak,anchor_only_Linear,size,-,direct,none,all,wape_train,75.59076631932624,8,17,q_bstar_o1b,physics
iter05b_quick_bstar,0,bstar_2023,HP_Peak,anchor_only_Linear,size,-,direct,none,all,wape_inner,61.16816347333343,8,17,q_bstar_o1b,physics
iter05b_quick_bstar,0,bstar_2023,HP_Peak,anchor_only_Linear,size,-,direct,none,all,n_train_sub,24.0,8,17,q_bstar_o1b,physics
iter05b_quick_bstar,0,bstar_2023,HP_Peak,anchor_only_Linear,size,-,direct,none,all,n_inner_sub,32.0,8,17,q_bstar_o1b,physics
iter05b_quick_bstar,0,bstar_2023,HP_Peak,anchor_only_Linear,size,-,direct,none,all,n_test_sub,8.0,8,17,q_bstar_o1b,physics
iter05b_quick_bstar,0,bstar_2023,HP_Peak,anchor_only_Linear,size,-,direct,none,all,n_overlap_sub,0.0,8,17,q_bstar_o1b,physics
iter05b_quick_bstar,0,bstar_2023,HP_Peak,anchor_only_Linear,size,-,direct,none,pbin<=15,wape,86.5668871209609,6,12,q_bstar_o1b,physics
iter05b_quick_bstar,0,bstar_2023,HP_Peak,anchor_only_Linear,size,-,direct,none,pbin<=15,rmse,14.294335699952288,6,12,q_bstar_o1b,physics
iter05b_quick_bstar,0,bstar_2023,HP_Peak,anchor_only_Linear,size,-,direct,none,pbin<=15,mae,12.923108311111092,6,12,q_bstar_o1b,physics
iter05b_quick_bstar,0,bstar_2023,HP_Peak,anchor_only_Linear,size,-,direct,none,pbin<=15,mape,144.00860353011012,6,12,q_bstar_o1b,physics
iter05b_quick_bstar,0,bstar_2023,HP_Peak,anchor_only_Linear,size,-,direct,none,pbin<=15,r2,-0.22952930075069866,6,12,q_bstar_o1b,physics
iter05b_quick_bstar,0,bstar_2023,HP_Peak,anchor_only_Linear,size,-,direct,none,pbin<=15,n_pred_nan,0.0,6,12,q_bstar_o1b,physics
iter05b_quick_bstar,0,bstar_2023,HP_Peak,anchor_only_Linear,size,-,direct,none,pbin<=15,mape_n_excluded,0.0,6,12,q_bstar_o1b,physics
iter05b_quick_bstar,0,bstar_2023,HP_Peak,anchor_only_Linear,size,-,direct,none,pbin35-65,wape,65.80616390973397,2,9,q_bstar_o1b,physics
iter05b_quick_bstar,0,bstar_2023,HP_Peak,anchor_only_Linear,size,-,direct,none,pbin35-65,rmse,31.581189953642863,2,9,q_bstar_o1b,physics
iter05b_quick_bstar,0,bstar_2023,HP_Peak,anchor_only_Linear,size,-,direct,none,pbin35-65,mae,31.092437200000436,2,9,q_bstar_o1b,physics
iter05b_quick_bstar,0,bstar_2023,HP_Peak,anchor_only_Linear,size,-,direct,none,pbin35-65,mape,65.33044997843304,2,9,q_bstar_o1b,physics
iter05b_quick_bstar,0,bstar_2023,HP_Peak,anchor_only_Linear,size,-,direct,none,pbin35-65,r2,-31.559890285111123,2,9,q_bstar_o1b,physics
iter05b_quick_bstar,0,bstar_2023,HP_Peak,anchor_only_Linear,size,-,direct,none,pbin35-65,n_pred_nan,0.0,2,9,q_bstar_o1b,physics
iter05b_quick_bstar,0,bstar_2023,HP_Peak,anchor_only_Linear,size,-,direct,none,pbin35-65,mape_n_excluded,0.0,2,9,q_bstar_o1b,physics
iter05b_quick_bstar,0,bstar_2023,HP_Peak,anchor_only_Linear,size,-,direct,none,p0.1|n10,wape,155.38434155319052,4,4,q_bstar_o1b,physics
iter05b_quick_bstar,0,bstar_2023,HP_Peak,anchor_only_Linear,size,-,direct,none,p0.1|n10,rmse,10.103966154161007,4,4,q_bstar_o1b,physics
iter05b_quick_bstar,0,bstar_2023,HP_Peak,anchor_only_Linear,size,-,direct,none,p0.1|n10,mae,9.82989779999995,4,4,q_bstar_o1b,physics
iter05b_quick_bstar,0,bstar_2023,HP_Peak,anchor_only_Linear,size,-,direct,none,p0.1|n10,mape,182.76002345939858,4,4,q_bstar_o1b,physics
iter05b_quick_bstar,0,bstar_2023,HP_Peak,anchor_only_Linear,size,-,direct,none,p0.1|n10,r2,-17.686733149839462,4,4,q_bstar_o1b,physics
iter05b_quick_bstar,0,bstar_2023,HP_Peak,anchor_only_Linear,size,-,direct,none,p0.1|n10,n_pred_nan,0.0,4,4,q_bstar_o1b,physics
iter05b_quick_bstar,0,bstar_2023,HP_Peak,anchor_only_Linear,size,-,direct,none,p0.1|n10,mape_n_excluded,0.0,4,4,q_bstar_o1b,physics
iter05b_quick_bstar,0,bstar_2023,HP_Peak,anchor_only_Linear,size,-,direct,none,p0.1|n40,wape,59.47004731247678,2,8,q_bstar_o1b,physics
iter05b_quick_bstar,0,bstar_2023,HP_Peak,anchor_only_Linear,size,-,direct,none,p0.1|n40,rmse,20.21889797243977,2,8,q_bstar_o1b,physics
iter05b_quick_bstar,0,bstar_2023,HP_Peak,anchor_only_Linear,size,-,direct,none,p0.1|n40,mae,19.109529333333377,2,8,q_bstar_o1b,physics
iter05b_quick_bstar,0,bstar_2023,HP_Peak,anchor_only_Linear,size,-,direct,none,p0.1|n40,mape,66.50576367153326,2,8,q_bstar_o1b,physics
iter05b_quick_bstar,0,bstar_2023,HP_Peak,anchor_only_Linear,size,-,direct,none,p0.1|n40,r2,-8.369846950196134,2,8,q_bstar_o1b,physics
iter05b_quick_bstar,0,bstar_2023,HP_Peak,anchor_only_Linear,size,-,direct,none,p0.1|n40,n_pred_nan,0.0,2,8,q_bstar_o1b,physics
iter05b_quick_bstar,0,bstar_2023,HP_Peak,anchor_only_Linear,size,-,direct,none,p0.1|n40,mape_n_excluded,0.0,2,8,q_bstar_o1b,physics
iter05b_quick_bstar,0,bstar_2023,HP_Peak,anchor_only_Linear,size,-,direct,none,p0.5|n10,wape,65.80616390973397,2,9,q_bstar_o1b,physics
iter05b_quick_bstar,0,bstar_2023,HP_Peak,anchor_only_Linear,size,-,direct,none,p0.5|n10,rmse,31.581189953642863,2,9,q_bstar_o1b,physics
iter05b_quick_bstar,0,bstar_2023,HP_Peak,anchor_only_Linear,size,-,direct,none,p0.5|n10,mae,31.092437200000436,2,9,q_bstar_o1b,physics
iter05b_quick_bstar,0,bstar_2023,HP_Peak,anchor_only_Linear,size,-,direct,none,p0.5|n10,mape,65.33044997843304,2,9,q_bstar_o1b,physics
iter05b_quick_bstar,0,bstar_2023,HP_Peak,anchor_only_Linear,size,-,direct,none,p0.5|n10,r2,-31.559890285111123,2,9,q_bstar_o1b,physics
iter05b_quick_bstar,0,bstar_2023,HP_Peak,anchor_only_Linear,size,-,direct,none,p0.5|n10,n_pred_nan,0.0,2,9,q_bstar_o1b,physics
iter05b_quick_bstar,0,bstar_2023,HP_Peak,anchor_only_Linear,size,-,direct,none,p0.5|n10,mape_n_excluded,0.0,2,9,q_bstar_o1b,physics
iter05b_quick_bstar,0,bstar_2023,HP_Peak,anchor_only_Linear,peak,-,direct,none,all,wape,45.10429985546895,8,17,q_bstar_o1b,physics
iter05b_quick_bstar,0,bstar_2023,HP_Peak,anchor_only_Linear,peak,-,direct,none,all,rmse,12.073058329270653,8,17,q_bstar_o1b,physics
iter05b_quick_bstar,0,bstar_2023,HP_Peak,anchor_only_Linear,peak,-,direct,none,all,mae,10.377813360342676,8,17,q_bstar_o1b,physics
iter05b_quick_bstar,0,bstar_2023,HP_Peak,anchor_only_Linear,peak,-,direct,none,all,mape,73.2320660767404,8,17,q_bstar_o1b,physics
iter05b_quick_bstar,0,bstar_2023,HP_Peak,anchor_only_Linear,peak,-,direct,none,all,r2,0.555824545473929,8,17,q_bstar_o1b,physics
iter05b_quick_bstar,0,bstar_2023,HP_Peak,anchor_only_Linear,peak,-,direct,none,all,n_pred_nan,0.0,8,17,q_bstar_o1b,physics
iter05b_quick_bstar,0,bstar_2023,HP_Peak,anchor_only_Linear,peak,-,direct,none,all,mape_n_excluded,0.0,8,17,q_bstar_o1b,physics
iter05b_quick_bstar,0,bstar_2023,HP_Peak,anchor_only_Linear,peak,-,direct,none,all,wape_train,30.755425073402478,8,17,q_bstar_o1b,physics
iter05b_quick_bstar,0,bstar_2023,HP_Peak,anchor_only_Linear,peak,-,direct,none,all,wape_inner,44.64119569172288,8,17,q_bstar_o1b,physics
iter05b_quick_bstar,0,bstar_2023,HP_Peak,anchor_only_Linear,peak,-,direct,none,all,n_train_sub,24.0,8,17,q_bstar_o1b,physics
iter05b_quick_bstar,0,bstar_2023,HP_Peak,anchor_only_Linear,peak,-,direct,none,all,n_inner_sub,32.0,8,17,q_bstar_o1b,physics
iter05b_quick_bstar,0,bstar_2023,HP_Peak,anchor_only_Linear,peak,-,direct,none,all,n_test_sub,8.0,8,17,q_bstar_o1b,physics
iter05b_quick_bstar,0,bstar_2023,HP_Peak,anchor_only_Linear,peak,-,direct,none,all,n_overlap_sub,0.0,8,17,q_bstar_o1b,physics
iter05b_quick_bstar,0,bstar_2023,HP_Peak,anchor_only_Linear,peak,-,direct,none,pbin<=15,wape,50.113333200821465,6,12,q_bstar_o1b,physics
iter05b_quick_bstar,0,bstar_2023,HP_Peak,anchor_only_Linear,peak,-,direct,none,pbin<=15,rmse,8.147046572587325,6,12,q_bstar_o1b,physics
iter05b_quick_bstar,0,bstar_2023,HP_Peak,anchor_only_Linear,peak,-,direct,none,pbin<=15,mae,7.481151908351381,6,12,q_bstar_o1b,physics
iter05b_quick_bstar,0,bstar_2023,HP_Peak,anchor_only_Linear,peak,-,direct,none,pbin<=15,mape,83.62566833746733,6,12,q_bstar_o1b,physics
iter05b_quick_bstar,0,bstar_2023,HP_Peak,anchor_only_Linear,peak,-,direct,none,pbin<=15,r2,0.6005969966121483,6,12,q_bstar_o1b,physics
iter05b_quick_bstar,0,bstar_2023,HP_Peak,anchor_only_Linear,peak,-,direct,none,pbin<=15,n_pred_nan,0.0,6,12,q_bstar_o1b,physics
iter05b_quick_bstar,0,bstar_2023,HP_Peak,anchor_only_Linear,peak,-,direct,none,pbin<=15,mape_n_excluded,0.0,6,12,q_bstar_o1b,physics
iter05b_quick_bstar,0,bstar_2023,HP_Peak,anchor_only_Linear,peak,-,direct,none,pbin35-65,wape,40.356393223415786,2,9,q_bstar_o1b,physics
iter05b_quick_bstar,0,bstar_2023,HP_Peak,anchor_only_Linear,peak,-,direct,none,pbin35-65,rmse,19.593668521238317,2,9,q_bstar_o1b,physics
iter05b_quick_bstar,0,bstar_2023,HP_Peak,anchor_only_Linear,peak,-,direct,none,pbin35-65,mae,19.067797716316562,2,9,q_bstar_o1b,physics
iter05b_quick_bstar,0,bstar_2023,HP_Peak,anchor_only_Linear,peak,-,direct,none,pbin35-65,mape,42.0512592945596,2,9,q_bstar_o1b,physics
iter05b_quick_bstar,0,bstar_2023,HP_Peak,anchor_only_Linear,peak,-,direct,none,pbin35-65,r2,-11.533070025340313,2,9,q_bstar_o1b,physics
iter05b_quick_bstar,0,bstar_2023,HP_Peak,anchor_only_Linear,peak,-,direct,none,pbin35-65,n_pred_nan,0.0,2,9,q_bstar_o1b,physics
iter05b_quick_bstar,0,bstar_2023,HP_Peak,anchor_only_Linear,peak,-,direct,none,pbin35-65,mape_n_excluded,0.0,2,9,q_bstar_o1b,physics
iter05b_quick_bstar,0,bstar_2023,HP_Peak,anchor_only_Linear,peak,-,direct,none,p0.1|n10,wape,107.97923478904694,4,4,q_bstar_o1b,physics
iter05b_quick_bstar,0,bstar_2023,HP_Peak,anchor_only_Linear,peak,-,direct,none,p0.1|n10,rmse,7.690819020311074,4,4,q_bstar_o1b,physics
iter05b_quick_bstar,0,bstar_2023,HP_Peak,anchor_only_Linear,peak,-,direct,none,p0.1|n10,mae,6.830963994754826,4,4,q_bstar_o1b,physics
iter05b_quick_bstar,0,bstar_2023,HP_Peak,anchor_only_Linear,peak,-,direct,none,p0.1|n10,mape,110.52799591836585,4,4,q_bstar_o1b,physics
iter05b_quick_bstar,0,bstar_2023,HP_Peak,anchor_only_Linear,peak,-,direct,none,p0.1|n10,r2,-9.826667559949989,4,4,q_bstar_o1b,physics
iter05b_quick_bstar,0,bstar_2023,HP_Peak,anchor_only_Linear,peak,-,direct,none,p0.1|n10,n_pred_nan,0.0,4,4,q_bstar_o1b,physics
iter05b_quick_bstar,0,bstar_2023,HP_Peak,anchor_only_Linear,peak,-,direct,none,p0.1|n10,mape_n_excluded,0.0,4,4,q_bstar_o1b,physics
iter05b_quick_bstar,0,bstar_2023,HP_Peak,anchor_only_Linear,peak,-,direct,none,p0.1|n40,wape,27.328662093089935,2,8,q_bstar_o1b,physics
iter05b_quick_bstar,0,bstar_2023,HP_Peak,anchor_only_Linear,peak,-,direct,none,p0.1|n40,rmse,8.990311961292745,2,8,q_bstar_o1b,physics
iter05b_quick_bstar,0,bstar_2023,HP_Peak,anchor_only_Linear,peak,-,direct,none,p0.1|n40,mae,8.781527735544492,2,8,q_bstar_o1b,physics
iter05b_quick_bstar,0,bstar_2023,HP_Peak,anchor_only_Linear,peak,-,direct,none,p0.1|n40,mape,29.82101317567029,2,8,q_bstar_o1b,physics
iter05b_quick_bstar,0,bstar_2023,HP_Peak,anchor_only_Linear,peak,-,direct,none,p0.1|n40,r2,-0.852537719162086,2,8,q_bstar_o1b,physics
iter05b_quick_bstar,0,bstar_2023,HP_Peak,anchor_only_Linear,peak,-,direct,none,p0.1|n40,n_pred_nan,0.0,2,8,q_bstar_o1b,physics
iter05b_quick_bstar,0,bstar_2023,HP_Peak,anchor_only_Linear,peak,-,direct,none,p0.1|n40,mape_n_excluded,0.0,2,8,q_bstar_o1b,physics
iter05b_quick_bstar,0,bstar_2023,HP_Peak,anchor_only_Linear,peak,-,direct,none,p0.5|n10,wape,40.356393223415786,2,9,q_bstar_o1b,physics
iter05b_quick_bstar,0,bstar_2023,HP_Peak,anchor_only_Linear,peak,-,direct,none,p0.5|n10,rmse,19.593668521238317,2,9,q_bstar_o1b,physics
iter05b_quick_bstar,0,bstar_2023,HP_Peak,anchor_only_Linear,peak,-,direct,none,p0.5|n10,mae,19.067797716316562,2,9,q_bstar_o1b,physics
iter05b_quick_bstar,0,bstar_2023,HP_Peak,anchor_only_Linear,peak,-,direct,none,p0.5|n10,mape,42.0512592945596,2,9,q_bstar_o1b,physics
iter05b_quick_bstar,0,bstar_2023,HP_Peak,anchor_only_Linear,peak,-,direct,none,p0.5|n10,r2,-11.533070025340313,2,9,q_bstar_o1b,physics
iter05b_quick_bstar,0,bstar_2023,HP_Peak,anchor_only_Linear,peak,-,direct,none,p0.5|n10,n_pred_nan,0.0,2,9,q_bstar_o1b,physics
iter05b_quick_bstar,0,bstar_2023,HP_Peak,anchor_only_Linear,peak,-,direct,none,p0.5|n10,mape_n_excluded,0.0,2,9,q_bstar_o1b,physics
iter05b_quick_bstar,0,bstar_2023,HP_Peak,anchor_only_Linear,size+peak,-,direct,none,all,wape,32.39573644214562,8,17,q_bstar_o1b,physics
iter05b_quick_bstar,0,bstar_2023,HP_Peak,anchor_only_Linear,size+peak,-,direct,none,all,rmse,9.738570726720875,8,17,q_bstar_o1b,physics
iter05b_quick_bstar,0,bstar_2023,HP_Peak,anchor_only_Linear,size+peak,-,direct,none,all,mae,7.453766216186474,8,17,q_bstar_o1b,physics
iter05b_quick_bstar,0,bstar_2023,HP_Peak,anchor_only_Linear,size+peak,-,direct,none,all,mape,79.63835297680374,8,17,q_bstar_o1b,physics
iter05b_quick_bstar,0,bstar_2023,HP_Peak,anchor_only_Linear,size+peak,-,direct,none,all,r2,0.7109916416601219,8,17,q_bstar_o1b,physics
iter05b_quick_bstar,0,bstar_2023,HP_Peak,anchor_only_Linear,size+peak,-,direct,none,all,n_pred_nan,0.0,8,17,q_bstar_o1b,physics
iter05b_quick_bstar,0,bstar_2023,HP_Peak,anchor_only_Linear,size+peak,-,direct,none,all,mape_n_excluded,0.0,8,17,q_bstar_o1b,physics
iter05b_quick_bstar,0,bstar_2023,HP_Peak,anchor_only_Linear,size+peak,-,direct,none,all,wape_train,20.631898473197367,8,17,q_bstar_o1b,physics
iter05b_quick_bstar,0,bstar_2023,HP_Peak,anchor_only_Linear,size+peak,-,direct,none,all,wape_inner,43.53071662790699,8,17,q_bstar_o1b,physics
iter05b_quick_bstar,0,bstar_2023,HP_Peak,anchor_only_Linear,size+peak,-,direct,none,all,n_train_sub,24.0,8,17,q_bstar_o1b,physics
iter05b_quick_bstar,0,bstar_2023,HP_Peak,anchor_only_Linear,size+peak,-,direct,none,all,n_inner_sub,32.0,8,17,q_bstar_o1b,physics
iter05b_quick_bstar,0,bstar_2023,HP_Peak,anchor_only_Linear,size+peak,-,direct,none,all,n_test_sub,8.0,8,17,q_bstar_o1b,physics
iter05b_quick_bstar,0,bstar_2023,HP_Peak,anchor_only_Linear,size+peak,-,direct,none,all,n_overlap_sub,0.0,8,17,q_bstar_o1b,physics
iter05b_quick_bstar,0,bstar_2023,HP_Peak,anchor_only_Linear,size+peak,-,direct,none,pbin<=15,wape,40.55164997861135,6,12,q_bstar_o1b,physics
iter05b_quick_bstar,0,bstar_2023,HP_Peak,anchor_only_Linear,size+peak,-,direct,none,pbin<=15,rmse,8.088160433654249,6,12,q_bstar_o1b,physics
iter05b_quick_bstar,0,bstar_2023,HP_Peak,anchor_only_Linear,size+peak,-,direct,none,pbin<=15,mae,6.053739279496033,6,12,q_bstar_o1b,physics
iter05b_quick_bstar,0,bstar_2023,HP_Peak,anchor_only_Linear,size+peak,-,direct,none,pbin<=15,mape,97.27220891590709,6,12,q_bstar_o1b,physics
iter05b_quick_bstar,0,bstar_2023,HP_Peak,anchor_only_Linear,size+peak,-,direct,none,pbin<=15,r2,0.6063498305541797,6,12,q_bstar_o1b,physics
iter05b_quick_bstar,0,bstar_2023,HP_Peak,anchor_only_Linear,size+peak,-,direct,none,pbin<=15,n_pred_nan,0.0,6,12,q_bstar_o1b,physics
iter05b_quick_bstar,0,bstar_2023,HP_Peak,anchor_only_Linear,size+peak,-,direct,none,pbin<=15,mape_n_excluded,0.0,6,12,q_bstar_o1b,physics
iter05b_quick_bstar,0,bstar_2023,HP_Peak,anchor_only_Linear,size+peak,-,direct,none,pbin35-65,wape,24.665000130284913,2,9,q_bstar_o1b,physics
iter05b_quick_bstar,0,bstar_2023,HP_Peak,anchor_only_Linear,size+peak,-,direct,none,pbin35-65,rmse,13.531593461074296,2,9,q_bstar_o1b,physics
iter05b_quick_bstar,0,bstar_2023,HP_Peak,anchor_only_Linear,size+peak,-,direct,none,pbin35-65,mae,11.653847026257797,2,9,q_bstar_o1b,physics
iter05b_quick_bstar,0,bstar_2023,HP_Peak,anchor_only_Linear,size+peak,-,direct,none,pbin35-65,mape,26.736785159493802,2,9,q_bstar_o1b,physics
iter05b_quick_bstar,0,bstar_2023,HP_Peak,anchor_only_Linear,size+peak,-,direct,none,pbin35-65,r2,-4.977558514469878,2,9,q_bstar_o1b,physics
iter05b_quick_bstar,0,bstar_2023,HP_Peak,anchor_only_Linear,size+peak,-,direct,none,pbin35-65,n_pred_nan,0.0,2,9,q_bstar_o1b,physics
iter05b_quick_bstar,0,bstar_2023,HP_Peak,anchor_only_Linear,size+peak,-,direct,none,pbin35-65,mape_n_excluded,0.0,2,9,q_bstar_o1b,physics
iter05b_quick_bstar,0,bstar_2023,HP_Peak,anchor_only_Linear,size+peak,-,direct,none,p0.1|n10,wape,133.38341961269754,4,4,q_bstar_o1b,physics
iter05b_quick_bstar,0,bstar_2023,HP_Peak,anchor_only_Linear,size+peak,-,direct,none,p0.1|n10,rmse,9.84698239869754,4,4,q_bstar_o1b,physics
iter05b_quick_bstar,0,bstar_2023,HP_Peak,anchor_only_Linear,size+peak,-,direct,none,p0.1|n10,mae,8.4380792163572,4,4,q_bstar_o1b,physics
iter05b_quick_bstar,0,bstar_2023,HP_Peak,anchor_only_Linear,size+peak,-,direct,none,p0.1|n10,mape,144.09539553122258,4,4,q_bstar_o1b,physics
iter05b_quick_bstar,0,bstar_2023,HP_Peak,anchor_only_Linear,size+peak,-,direct,none,p0.1|n10,r2,-16.748266511486428,4,4,q_bstar_o1b,physics
iter05b_quick_bstar,0,bstar_2023,HP_Peak,anchor_only_Linear,size+peak,-,direct,none,p0.1|n10,n_pred_nan,0.0,4,4,q_bstar_o1b,physics
iter05b_quick_bstar,0,bstar_2023,HP_Peak,anchor_only_Linear,size+peak,-,direct,none,p0.1|n10,mape_n_excluded,0.0,4,4,q_bstar_o1b,physics
iter05b_quick_bstar,0,bstar_2023,HP_Peak,anchor_only_Linear,size+peak,-,direct,none,p0.1|n40,wape,3.9991850310723644,2,8,q_bstar_o1b,physics
iter05b_quick_bstar,0,bstar_2023,HP_Peak,anchor_only_Linear,size+peak,-,direct,none,p0.1|n40,rmse,1.526071060295677,2,8,q_bstar_o1b,physics
iter05b_quick_bstar,0,bstar_2023,HP_Peak,anchor_only_Linear,size+peak,-,direct,none,p0.1|n40,mae,1.2850594057736977,2,8,q_bstar_o1b,physics
iter05b_quick_bstar,0,bstar_2023,HP_Peak,anchor_only_Linear,size+peak,-,direct,none,p0.1|n40,mape,3.6258356852760647,2,8,q_bstar_o1b,physics
iter05b_quick_bstar,0,bstar_2023,HP_Peak,anchor_only_Linear,size+peak,-,direct,none,p0.1|n40,r2,0.9466214159969751,2,8,q_bstar_o1b,physics
iter05b_quick_bstar,0,bstar_2023,HP_Peak,anchor_only_Linear,size+peak,-,direct,none,p0.1|n40,n_pred_nan,0.0,2,8,q_bstar_o1b,physics
iter05b_quick_bstar,0,bstar_2023,HP_Peak,anchor_only_Linear,size+peak,-,direct,none,p0.1|n40,mape_n_excluded,0.0,2,8,q_bstar_o1b,physics
iter05b_quick_bstar,0,bstar_2023,HP_Peak,anchor_only_Linear,size+peak,-,direct,none,p0.5|n10,wape,24.665000130284913,2,9,q_bstar_o1b,physics
iter05b_quick_bstar,0,bstar_2023,HP_Peak,anchor_only_Linear,size+peak,-,direct,none,p0.5|n10,rmse,13.531593461074296,2,9,q_bstar_o1b,physics
iter05b_quick_bstar,0,bstar_2023,HP_Peak,anchor_only_Linear,size+peak,-,direct,none,p0.5|n10,mae,11.653847026257797,2,9,q_bstar_o1b,physics
iter05b_quick_bstar,0,bstar_2023,HP_Peak,anchor_only_Linear,size+peak,-,direct,none,p0.5|n10,mape,26.736785159493802,2,9,q_bstar_o1b,physics
iter05b_quick_bstar,0,bstar_2023,HP_Peak,anchor_only_Linear,size+peak,-,direct,none,p0.5|n10,r2,-4.977558514469878,2,9,q_bstar_o1b,physics
iter05b_quick_bstar,0,bstar_2023,HP_Peak,anchor_only_Linear,size+peak,-,direct,none,p0.5|n10,n_pred_nan,0.0,2,9,q_bstar_o1b,physics
iter05b_quick_bstar,0,bstar_2023,HP_Peak,anchor_only_Linear,size+peak,-,direct,none,p0.5|n10,mape_n_excluded,0.0,2,9,q_bstar_o1b,physics
iter05b_quick_bstar,0,bstar_2023,HP_Peak,anchor_only_XGBoost,size,-,direct,none,all,wape,76.52657859695806,8,17,q_bstar_o1b,physics
iter05b_quick_bstar,0,bstar_2023,HP_Peak,anchor_only_XGBoost,size,-,direct,none,all,rmse,20.388018684369833,8,17,q_bstar_o1b,physics
iter05b_quick_bstar,0,bstar_2023,HP_Peak,anchor_only_XGBoost,size,-,direct,none,all,mae,17.607601765899712,8,17,q_bstar_o1b,physics
iter05b_quick_bstar,0,bstar_2023,HP_Peak,anchor_only_XGBoost,size,-,direct,none,all,mape,121.30572215587019,8,17,q_bstar_o1b,physics
iter05b_quick_bstar,0,bstar_2023,HP_Peak,anchor_only_XGBoost,size,-,direct,none,all,r2,-0.2666890128556587,8,17,q_bstar_o1b,physics
iter05b_quick_bstar,0,bstar_2023,HP_Peak,anchor_only_XGBoost,size,-,direct,none,all,n_pred_nan,0.0,8,17,q_bstar_o1b,physics
iter05b_quick_bstar,0,bstar_2023,HP_Peak,anchor_only_XGBoost,size,-,direct,none,all,mape_n_excluded,0.0,8,17,q_bstar_o1b,physics
iter05b_quick_bstar,0,bstar_2023,HP_Peak,anchor_only_XGBoost,size,-,direct,none,all,wape_train,75.83325046352559,8,17,q_bstar_o1b,physics
iter05b_quick_bstar,0,bstar_2023,HP_Peak,anchor_only_XGBoost,size,-,direct,none,all,wape_inner,62.80252631373261,8,17,q_bstar_o1b,physics
iter05b_quick_bstar,0,bstar_2023,HP_Peak,anchor_only_XGBoost,size,-,direct,none,all,n_train_sub,24.0,8,17,q_bstar_o1b,physics
iter05b_quick_bstar,0,bstar_2023,HP_Peak,anchor_only_XGBoost,size,-,direct,none,all,n_inner_sub,32.0,8,17,q_bstar_o1b,physics
iter05b_quick_bstar,0,bstar_2023,HP_Peak,anchor_only_XGBoost,size,-,direct,none,all,n_test_sub,8.0,8,17,q_bstar_o1b,physics
iter05b_quick_bstar,0,bstar_2023,HP_Peak,anchor_only_XGBoost,size,-,direct,none,all,n_overlap_sub,0.0,8,17,q_bstar_o1b,physics
iter05b_quick_bstar,0,bstar_2023,HP_Peak,anchor_only_XGBoost,size,-,direct,none,pbin<=15,wape,86.78222979852609,6,12,q_bstar_o1b,physics
iter05b_quick_bstar,0,bstar_2023,HP_Peak,anchor_only_XGBoost,size,-,direct,none,pbin<=15,rmse,14.557092358934216,6,12,q_bstar_o1b,physics
iter05b_quick_bstar,0,bstar_2023,HP_Peak,anchor_only_XGBoost,size,-,direct,none,pbin<=15,mae,12.9552556695149,6,12,q_bstar_o1b,physics
iter05b_quick_bstar,0,bstar_2023,HP_Peak,anchor_only_XGBoost,size,-,direct,none,pbin<=15,mape,139.626377406143,6,12,q_bstar_o1b,physics
iter05b_quick_bstar,0,bstar_2023,HP_Peak,anchor_only_XGBoost,size,-,direct,none,pbin<=15,r2,-0.2751468525367844,6,12,q_bstar_o1b,physics
iter05b_quick_bstar,0,bstar_2023,HP_Peak,anchor_only_XGBoost,size,-,direct,none,pbin<=15,n_pred_nan,0.0,6,12,q_bstar_o1b,physics
iter05b_quick_bstar,0,bstar_2023,HP_Peak,anchor_only_XGBoost,size,-,direct,none,pbin<=15,mape_n_excluded,0.0,6,12,q_bstar_o1b,physics
iter05b_quick_bstar,0,bstar_2023,HP_Peak,anchor_only_XGBoost,size,-,direct,none,pbin35-65,wape,66.80556637787846,2,9,q_bstar_o1b,physics
iter05b_quick_bstar,0,bstar_2023,HP_Peak,anchor_only_XGBoost,size,-,direct,none,pbin35-65,rmse,32.046191812089475,2,9,q_bstar_o1b,physics
iter05b_quick_bstar,0,bstar_2023,HP_Peak,anchor_only_XGBoost,size,-,direct,none,pbin35-65,mae,31.564640055054145,2,9,q_bstar_o1b,physics
iter05b_quick_bstar,0,bstar_2023,HP_Peak,anchor_only_XGBoost,size,-,direct,none,pbin35-65,mape,66.34375640505176,2,9,q_bstar_o1b,physics
iter05b_quick_bstar,0,bstar_2023,HP_Peak,anchor_only_XGBoost,size,-,direct,none,pbin35-65,r2,-32.52577366762878,2,9,q_bstar_o1b,physics
iter05b_quick_bstar,0,bstar_2023,HP_Peak,anchor_only_XGBoost,size,-,direct,none,pbin35-65,n_pred_nan,0.0,2,9,q_bstar_o1b,physics
iter05b_quick_bstar,0,bstar_2023,HP_Peak,anchor_only_XGBoost,size,-,direct,none,pbin35-65,mape_n_excluded,0.0,2,9,q_bstar_o1b,physics
iter05b_quick_bstar,0,bstar_2023,HP_Peak,anchor_only_XGBoost,size,-,direct,none,p0.1|n10,wape,147.92007984824608,4,4,q_bstar_o1b,physics
iter05b_quick_bstar,0,bstar_2023,HP_Peak,anchor_only_XGBoost,size,-,direct,none,p0.1|n10,rmse,9.645190302355873,4,4,q_bstar_o1b,physics
iter05b_quick_bstar,0,bstar_2023,HP_Peak,anchor_only_XGBoost,size,-,direct,none,p0.1|n10,mae,9.35769494494624,4,4,q_bstar_o1b,physics
iter05b_quick_bstar,0,bstar_2023,HP_Peak,anchor_only_XGBoost,size,-,direct,none,p0.1|n10,mape,174.49563731120713,4,4,q_bstar_o1b,physics
iter05b_quick_bstar,0,bstar_2023,HP_Peak,anchor_only_XGBoost,size,-,direct,none,p0.1|n10,r2,-16.028297140613486,4,4,q_bstar_o1b,physics
iter05b_quick_bstar,0,bstar_2023,HP_Peak,anchor_only_XGBoost,size,-,direct,none,p0.1|n10,n_pred_nan,0.0,4,4,q_bstar_o1b,physics
iter05b_quick_bstar,0,bstar_2023,HP_Peak,anchor_only_XGBoost,size,-,direct,none,p0.1|n10,mape_n_excluded,0.0,4,4,q_bstar_o1b,physics
iter05b_quick_bstar,0,bstar_2023,HP_Peak,anchor_only_XGBoost,size,-,direct,none,p0.1|n40,wape,62.70923054709604,2,8,q_bstar_o1b,physics
iter05b_quick_bstar,0,bstar_2023,HP_Peak,anchor_only_XGBoost,size,-,direct,none,p0.1|n40,rmse,21.205363045755746,2,8,q_bstar_o1b,physics
iter05b_quick_bstar,0,bstar_2023,HP_Peak,anchor_only_XGBoost,size,-,direct,none,p0.1|n40,mae,20.150377118652223,2,8,q_bstar_o1b,physics
iter05b_quick_bstar,0,bstar_2023,HP_Peak,anchor_only_XGBoost,size,-,direct,none,p0.1|n40,mape,69.88785759601477,2,8,q_bstar_o1b,physics
iter05b_quick_bstar,0,bstar_2023,HP_Peak,anchor_only_XGBoost,size,-,direct,none,p0.1|n40,r2,-9.306446659061232,2,8,q_bstar_o1b,physics
iter05b_quick_bstar,0,bstar_2023,HP_Peak,anchor_only_XGBoost,size,-,direct,none,p0.1|n40,n_pred_nan,0.0,2,8,q_bstar_o1b,physics
iter05b_quick_bstar,0,bstar_2023,HP_Peak,anchor_only_XGBoost,size,-,direct,none,p0.1|n40,mape_n_excluded,0.0,2,8,q_bstar_o1b,physics
iter05b_quick_bstar,0,bstar_2023,HP_Peak,anchor_only_XGBoost,size,-,direct,none,p0.5|n10,wape,66.80556637787846,2,9,q_bstar_o1b,physics
iter05b_quick_bstar,0,bstar_2023,HP_Peak,anchor_only_XGBoost,size,-,direct,none,p0.5|n10,rmse,32.046191812089475,2,9,q_bstar_o1b,physics
iter05b_quick_bstar,0,bstar_2023,HP_Peak,anchor_only_XGBoost,size,-,direct,none,p0.5|n10,mae,31.564640055054145,2,9,q_bstar_o1b,physics
iter05b_quick_bstar,0,bstar_2023,HP_Peak,anchor_only_XGBoost,size,-,direct,none,p0.5|n10,mape,66.34375640505176,2,9,q_bstar_o1b,physics
iter05b_quick_bstar,0,bstar_2023,HP_Peak,anchor_only_XGBoost,size,-,direct,none,p0.5|n10,r2,-32.52577366762878,2,9,q_bstar_o1b,physics
iter05b_quick_bstar,0,bstar_2023,HP_Peak,anchor_only_XGBoost,size,-,direct,none,p0.5|n10,n_pred_nan,0.0,2,9,q_bstar_o1b,physics
iter05b_quick_bstar,0,bstar_2023,HP_Peak,anchor_only_XGBoost,size,-,direct,none,p0.5|n10,mape_n_excluded,0.0,2,9,q_bstar_o1b,physics
iter05b_quick_bstar,0,bstar_2023,HP_Peak,anchor_only_XGBoost,peak,-,direct,none,all,wape,53.44534609021107,8,17,q_bstar_o1b,physics
iter05b_quick_bstar,0,bstar_2023,HP_Peak,anchor_only_XGBoost,peak,-,direct,none,all,rmse,16.19380620637497,8,17,q_bstar_o1b,physics
iter05b_quick_bstar,0,bstar_2023,HP_Peak,anchor_only_XGBoost,peak,-,direct,none,all,mae,12.296961231643621,8,17,q_bstar_o1b,physics
iter05b_quick_bstar,0,bstar_2023,HP_Peak,anchor_only_XGBoost,peak,-,direct,none,all,mape,67.02200300240533,8,17,q_bstar_o1b,physics
iter05b_quick_bstar,0,bstar_2023,HP_Peak,anchor_only_XGBoost,peak,-,direct,none,all,r2,0.20086926699320906,8,17,q_bstar_o1b,physics
iter05b_quick_bstar,0,bstar_2023,HP_Peak,anchor_only_XGBoost,peak,-,direct,none,all,n_pred_nan,0.0,8,17,q_bstar_o1b,physics
iter05b_quick_bstar,0,bstar_2023,HP_Peak,anchor_only_XGBoost,peak,-,direct,none,all,mape_n_excluded,0.0,8,17,q_bstar_o1b,physics
iter05b_quick_bstar,0,bstar_2023,HP_Peak,anchor_only_XGBoost,peak,-,direct,none,all,wape_train,53.881828196053846,8,17,q_bstar_o1b,physics
iter05b_quick_bstar,0,bstar_2023,HP_Peak,anchor_only_XGBoost,peak,-,direct,none,all,wape_inner,40.149658157335246,8,17,q_bstar_o1b,physics
iter05b_quick_bstar,0,bstar_2023,HP_Peak,anchor_only_XGBoost,peak,-,direct,none,all,n_train_sub,24.0,8,17,q_bstar_o1b,physics
iter05b_quick_bstar,0,bstar_2023,HP_Peak,anchor_only_XGBoost,peak,-,direct,none,all,n_inner_sub,32.0,8,17,q_bstar_o1b,physics
iter05b_quick_bstar,0,bstar_2023,HP_Peak,anchor_only_XGBoost,peak,-,direct,none,all,n_test_sub,8.0,8,17,q_bstar_o1b,physics
iter05b_quick_bstar,0,bstar_2023,HP_Peak,anchor_only_XGBoost,peak,-,direct,none,all,n_overlap_sub,0.0,8,17,q_bstar_o1b,physics
iter05b_quick_bstar,0,bstar_2023,HP_Peak,anchor_only_XGBoost,peak,-,direct,none,pbin<=15,wape,75.25369785003964,6,12,q_bstar_o1b,physics
iter05b_quick_bstar,0,bstar_2023,HP_Peak,anchor_only_XGBoost,peak,-,direct,none,pbin<=15,rmse,15.62158943224064,6,12,q_bstar_o1b,physics
iter05b_quick_bstar,0,bstar_2023,HP_Peak,anchor_only_XGBoost,peak,-,direct,none,pbin<=15,mae,11.234222697285956,6,12,q_bstar_o1b,physics
iter05b_quick_bstar,0,bstar_2023,HP_Peak,anchor_only_XGBoost,peak,-,direct,none,pbin<=15,mape,77.55049623250608,6,12,q_bstar_o1b,physics
iter05b_quick_bstar,0,bstar_2023,HP_Peak,anchor_only_XGBoost,peak,-,direct,none,pbin<=15,r2,-0.46845745126308835,6,12,q_bstar_o1b,physics
iter05b_quick_bstar,0,bstar_2023,HP_Peak,anchor_only_XGBoost,peak,-,direct,none,pbin<=15,n_pred_nan,0.0,6,12,q_bstar_o1b,physics
iter05b_quick_bstar,0,bstar_2023,HP_Peak,anchor_only_XGBoost,peak,-,direct,none,pbin<=15,mape_n_excluded,0.0,6,12,q_bstar_o1b,physics
iter05b_quick_bstar,0,bstar_2023,HP_Peak,anchor_only_XGBoost,peak,-,direct,none,pbin35-65,wape,32.77388898148399,2,9,q_bstar_o1b,physics
iter05b_quick_bstar,0,bstar_2023,HP_Peak,anchor_only_XGBoost,peak,-,direct,none,pbin35-65,rmse,17.80042888893514,2,9,q_bstar_o1b,physics
iter05b_quick_bstar,0,bstar_2023,HP_Peak,anchor_only_XGBoost,peak,-,direct,none,pbin35-65,mae,15.485176834716622,2,9,q_bstar_o1b,physics
iter05b_quick_bstar,0,bstar_2023,HP_Peak,anchor_only_XGBoost,peak,-,direct,none,pbin35-65,mape,35.43652331210303,2,9,q_bstar_o1b,physics
iter05b_quick_bstar,0,bstar_2023,HP_Peak,anchor_only_XGBoost,peak,-,direct,none,pbin35-65,r2,-9.343961275931248,2,9,q_bstar_o1b,physics
iter05b_quick_bstar,0,bstar_2023,HP_Peak,anchor_only_XGBoost,peak,-,direct,none,pbin35-65,n_pred_nan,0.0,2,9,q_bstar_o1b,physics
iter05b_quick_bstar,0,bstar_2023,HP_Peak,anchor_only_XGBoost,peak,-,direct,none,pbin35-65,mape_n_excluded,0.0,2,9,q_bstar_o1b,physics
iter05b_quick_bstar,0,bstar_2023,HP_Peak,anchor_only_XGBoost,peak,-,direct,none,p0.1|n10,wape,61.45219820194258,4,4,q_bstar_o1b,physics
iter05b_quick_bstar,0,bstar_2023,HP_Peak,anchor_only_XGBoost,peak,-,direct,none,p0.1|n10,rmse,4.06655246051918,4,4,q_bstar_o1b,physics
iter05b_quick_bstar,0,bstar_2023,HP_Peak,anchor_only_XGBoost,peak,-,direct,none,p0.1|n10,mae,3.8875785157776264,4,4,q_bstar_o1b,physics
iter05b_quick_bstar,0,bstar_2023,HP_Peak,anchor_only_XGBoost,peak,-,direct,none,p0.1|n10,mape,72.47309183065667,4,4,q_bstar_o1b,physics
iter05b_quick_bstar,0,bstar_2023,HP_Peak,anchor_only_XGBoost,peak,-,direct,none,p0.1|n10,r2,-2.026929994208738,4,4,q_bstar_o1b,physics
iter05b_quick_bstar,0,bstar_2023,HP_Peak,anchor_only_XGBoost,peak,-,direct,none,p0.1|n10,n_pred_nan,0.0,4,4,q_bstar_o1b,physics
iter05b_quick_bstar,0,bstar_2023,HP_Peak,anchor_only_XGBoost,peak,-,direct,none,p0.1|n10,mape_n_excluded,0.0,4,4,q_bstar_o1b,physics
iter05b_quick_bstar,0,bstar_2023,HP_Peak,anchor_only_XGBoost,peak,-,direct,none,p0.1|n40,wape,80.68803174347978,2,8,q_bstar_o1b,physics
iter05b_quick_bstar,0,bstar_2023,HP_Peak,anchor_only_XGBoost,peak,-,direct,none,p0.1|n40,rmse,26.439146569815147,2,8,q_bstar_o1b,physics
iter05b_quick_bstar,0,bstar_2023,HP_Peak,anchor_only_XGBoost,peak,-,direct,none,p0.1|n40,mae,25.927511060302614,2,8,q_bstar_o1b,physics
iter05b_quick_bstar,0,bstar_2023,HP_Peak,anchor_only_XGBoost,peak,-,direct,none,p0.1|n40,mape,87.70530503620493,2,8,q_bstar_o1b,physics
iter05b_quick_bstar,0,bstar_2023,HP_Peak,anchor_only_XGBoost,peak,-,direct,none,p0.1|n40,r2,-15.021840369387121,2,8,q_bstar_o1b,physics
iter05b_quick_bstar,0,bstar_2023,HP_Peak,anchor_only_XGBoost,peak,-,direct,none,p0.1|n40,n_pred_nan,0.0,2,8,q_bstar_o1b,physics
iter05b_quick_bstar,0,bstar_2023,HP_Peak,anchor_only_XGBoost,peak,-,direct,none,p0.1|n40,mape_n_excluded,0.0,2,8,q_bstar_o1b,physics
iter05b_quick_bstar,0,bstar_2023,HP_Peak,anchor_only_XGBoost,peak,-,direct,none,p0.5|n10,wape,32.77388898148399,2,9,q_bstar_o1b,physics
iter05b_quick_bstar,0,bstar_2023,HP_Peak,anchor_only_XGBoost,peak,-,direct,none,p0.5|n10,rmse,17.80042888893514,2,9,q_bstar_o1b,physics
iter05b_quick_bstar,0,bstar_2023,HP_Peak,anchor_only_XGBoost,peak,-,direct,none,p0.5|n10,mae,15.485176834716622,2,9,q_bstar_o1b,physics
iter05b_quick_bstar,0,bstar_2023,HP_Peak,anchor_only_XGBoost,peak,-,direct,none,p0.5|n10,mape,35.43652331210303,2,9,q_bstar_o1b,physics
iter05b_quick_bstar,0,bstar_2023,HP_Peak,anchor_only_XGBoost,peak,-,direct,none,p0.5|n10,r2,-9.343961275931248,2,9,q_bstar_o1b,physics
iter05b_quick_bstar,0,bstar_2023,HP_Peak,anchor_only_XGBoost,peak,-,direct,none,p0.5|n10,n_pred_nan,0.0,2,9,q_bstar_o1b,physics
iter05b_quick_bstar,0,bstar_2023,HP_Peak,anchor_only_XGBoost,peak,-,direct,none,p0.5|n10,mape_n_excluded,0.0,2,9,q_bstar_o1b,physics
iter05b_quick_bstar,0,bstar_2023,HP_Peak,anchor_only_XGBoost,size+peak,-,direct,none,all,wape,61.48359276700959,8,17,q_bstar_o1b,physics
iter05b_quick_bstar,0,bstar_2023,HP_Peak,anchor_only_XGBoost,size+peak,-,direct,none,all,rmse,19.324999158948753,8,17,q_bstar_o1b,physics
iter05b_quick_bstar,0,bstar_2023,HP_Peak,anchor_only_XGBoost,size+peak,-,direct,none,all,mae,14.146439530243018,8,17,q_bstar_o1b,physics
iter05b_quick_bstar,0,bstar_2023,HP_Peak,anchor_only_XGBoost,size+peak,-,direct,none,all,mape,82.95440485637546,8,17,q_bstar_o1b,physics
iter05b_quick_bstar,0,bstar_2023,HP_Peak,anchor_only_XGBoost,size+peak,-,direct,none,all,r2,-0.1380436636249378,8,17,q_bstar_o1b,physics
iter05b_quick_bstar,0,bstar_2023,HP_Peak,anchor_only_XGBoost,size+peak,-,direct,none,all,n_pred_nan,0.0,8,17,q_bstar_o1b,physics
iter05b_quick_bstar,0,bstar_2023,HP_Peak,anchor_only_XGBoost,size+peak,-,direct,none,all,mape_n_excluded,0.0,8,17,q_bstar_o1b,physics
iter05b_quick_bstar,0,bstar_2023,HP_Peak,anchor_only_XGBoost,size+peak,-,direct,none,all,wape_train,56.15761666376873,8,17,q_bstar_o1b,physics
iter05b_quick_bstar,0,bstar_2023,HP_Peak,anchor_only_XGBoost,size+peak,-,direct,none,all,wape_inner,37.30046594151128,8,17,q_bstar_o1b,physics
iter05b_quick_bstar,0,bstar_2023,HP_Peak,anchor_only_XGBoost,size+peak,-,direct,none,all,n_train_sub,24.0,8,17,q_bstar_o1b,physics
iter05b_quick_bstar,0,bstar_2023,HP_Peak,anchor_only_XGBoost,size+peak,-,direct,none,all,n_inner_sub,32.0,8,17,q_bstar_o1b,physics
iter05b_quick_bstar,0,bstar_2023,HP_Peak,anchor_only_XGBoost,size+peak,-,direct,none,all,n_test_sub,8.0,8,17,q_bstar_o1b,physics
iter05b_quick_bstar,0,bstar_2023,HP_Peak,anchor_only_XGBoost,size+peak,-,direct,none,all,n_overlap_sub,0.0,8,17,q_bstar_o1b,physics
iter05b_quick_bstar,0,bstar_2023,HP_Peak,anchor_only_XGBoost,size+peak,-,direct,none,pbin<=15,wape,94.71122159011442,6,12,q_bstar_o1b,physics
iter05b_quick_bstar,0,bstar_2023,HP_Peak,anchor_only_XGBoost,size+peak,-,direct,none,pbin<=15,rmse,19.134306572805304,6,12,q_bstar_o1b,physics
iter05b_quick_bstar,0,bstar_2023,HP_Peak,anchor_only_XGBoost,size+peak,-,direct,none,pbin<=15,mae,14.13893251326496,6,12,q_bstar_o1b,physics
iter05b_quick_bstar,0,bstar_2023,HP_Peak,anchor_only_XGBoost,size+peak,-,direct,none,pbin<=15,mape,99.30160209341227,6,12,q_bstar_o1b,physics
iter05b_quick_bstar,0,bstar_2023,HP_Peak,anchor_only_XGBoost,size+peak,-,direct,none,pbin<=15,r2,-1.2031110280238013,6,12,q_bstar_o1b,physics
iter05b_quick_bstar,0,bstar_2023,HP_Peak,anchor_only_XGBoost,size+peak,-,direct,none,pbin<=15,n_pred_nan,0.0,6,12,q_bstar_o1b,physics
iter05b_quick_bstar,0,bstar_2023,HP_Peak,anchor_only_XGBoost,size+peak,-,direct,none,pbin<=15,mape_n_excluded,0.0,6,12,q_bstar_o1b,physics
iter05b_quick_bstar,0,bstar_2023,HP_Peak,anchor_only_XGBoost,size+peak,-,direct,none,pbin35-65,wape,29.98815874220026,2,9,q_bstar_o1b,physics
iter05b_quick_bstar,0,bstar_2023,HP_Peak,anchor_only_XGBoost,size+peak,-,direct,none,pbin35-65,rmse,19.886108365066786,2,9,q_bstar_o1b,physics
iter05b_quick_bstar,0,bstar_2023,HP_Peak,anchor_only_XGBoost,size+peak,-,direct,none,pbin35-65,mae,14.168960581177192,2,9,q_bstar_o1b,physics
iter05b_quick_bstar,0,bstar_2023,HP_Peak,anchor_only_XGBoost,size+peak,-,direct,none,pbin35-65,mape,33.91281314526506,2,9,q_bstar_o1b,physics
iter05b_quick_bstar,0,bstar_2023,HP_Peak,anchor_only_XGBoost,size+peak,-,direct,none,pbin35-65,r2,-11.909979613954839,2,9,q_bstar_o1b,physics
iter05b_quick_bstar,0,bstar_2023,HP_Peak,anchor_only_XGBoost,size+peak,-,direct,none,pbin35-65,n_pred_nan,0.0,2,9,q_bstar_o1b,physics
iter05b_quick_bstar,0,bstar_2023,HP_Peak,anchor_only_XGBoost,size+peak,-,direct,none,pbin35-65,mape_n_excluded,0.0,2,9,q_bstar_o1b,physics
iter05b_quick_bstar,0,bstar_2023,HP_Peak,anchor_only_XGBoost,size+peak,-,direct,none,p0.1|n10,wape,81.71682185677915,4,4,q_bstar_o1b,physics
iter05b_quick_bstar,0,bstar_2023,HP_Peak,anchor_only_XGBoost,size+peak,-,direct,none,p0.1|n10,rmse,5.677618799107089,4,4,q_bstar_o1b,physics
iter05b_quick_bstar,0,bstar_2023,HP_Peak,anchor_only_XGBoost,size+peak,-,direct,none,p0.1|n10,mae,5.169555692443886,4,4,q_bstar_o1b,physics
iter05b_quick_bstar,0,bstar_2023,HP_Peak,anchor_only_XGBoost,size+peak,-,direct,none,p0.1|n10,mape,96.09584312551338,4,4,q_bstar_o1b,physics
iter05b_quick_bstar,0,bstar_2023,HP_Peak,anchor_only_XGBoost,size+peak,-,direct,none,p0.1|n10,r2,-4.900408482900918,4,4,q_bstar_o1b,physics
iter05b_quick_bstar,0,bstar_2023,HP_Peak,anchor_only_XGBoost,size+peak,-,direct,none,p0.1|n10,n_pred_nan,0.0,4,4,q_bstar_o1b,physics
iter05b_quick_bstar,0,bstar_2023,HP_Peak,anchor_only_XGBoost,size+peak,-,direct,none,p0.1|n10,mape_n_excluded,0.0,4,4,q_bstar_o1b,physics
iter05b_quick_bstar,0,bstar_2023,HP_Peak,anchor_only_XGBoost,size+peak,-,direct,none,p0.1|n40,wape,99.82776027766998,2,8,q_bstar_o1b,physics
iter05b_quick_bstar,0,bstar_2023,HP_Peak,anchor_only_XGBoost,size+peak,-,direct,none,p0.1|n40,rmse,32.15422761644808,2,8,q_bstar_o1b,physics
iter05b_quick_bstar,0,bstar_2023,HP_Peak,anchor_only_XGBoost,size+peak,-,direct,none,p0.1|n40,mae,32.077686154907106,2,8,q_bstar_o1b,physics
iter05b_quick_bstar,0,bstar_2023,HP_Peak,anchor_only_XGBoost,size+peak,-,direct,none,p0.1|n40,mape,105.71312002921005,2,8,q_bstar_o1b,physics
iter05b_quick_bstar,0,bstar_2023,HP_Peak,anchor_only_XGBoost,size+peak,-,direct,none,p0.1|n40,r2,-22.697018035041925,2,8,q_bstar_o1b,physics
iter05b_quick_bstar,0,bstar_2023,HP_Peak,anchor_only_XGBoost,size+peak,-,direct,none,p0.1|n40,n_pred_nan,0.0,2,8,q_bstar_o1b,physics
iter05b_quick_bstar,0,bstar_2023,HP_Peak,anchor_only_XGBoost,size+peak,-,direct,none,p0.1|n40,mape_n_excluded,0.0,2,8,q_bstar_o1b,physics
iter05b_quick_bstar,0,bstar_2023,HP_Peak,anchor_only_XGBoost,size+peak,-,direct,none,p0.5|n10,wape,29.98815874220026,2,9,q_bstar_o1b,physics
iter05b_quick_bstar,0,bstar_2023,HP_Peak,anchor_only_XGBoost,size+peak,-,direct,none,p0.5|n10,rmse,19.886108365066786,2,9,q_bstar_o1b,physics
iter05b_quick_bstar,0,bstar_2023,HP_Peak,anchor_only_XGBoost,size+peak,-,direct,none,p0.5|n10,mae,14.168960581177192,2,9,q_bstar_o1b,physics
iter05b_quick_bstar,0,bstar_2023,HP_Peak,anchor_only_XGBoost,size+peak,-,direct,none,p0.5|n10,mape,33.91281314526506,2,9,q_bstar_o1b,physics
iter05b_quick_bstar,0,bstar_2023,HP_Peak,anchor_only_XGBoost,size+peak,-,direct,none,p0.5|n10,r2,-11.909979613954839,2,9,q_bstar_o1b,physics
iter05b_quick_bstar,0,bstar_2023,HP_Peak,anchor_only_XGBoost,size+peak,-,direct,none,p0.5|n10,n_pred_nan,0.0,2,9,q_bstar_o1b,physics
iter05b_quick_bstar,0,bstar_2023,HP_Peak,anchor_only_XGBoost,size+peak,-,direct,none,p0.5|n10,mape_n_excluded,0.0,2,9,q_bstar_o1b,physics
iter05b_quick_bstar,0,bstar_2023,HP_Peak,oracle_O1,none,-,-,-,all,wape,29.377379792599818,8,17,q_bstar_o1b,physics
iter05b_quick_bstar,0,bstar_2023,HP_Peak,oracle_O1,none,-,-,-,all,rmse,10.438151824859014,8,17,q_bstar_o1b,physics
iter05b_quick_bstar,0,bstar_2023,HP_Peak,oracle_O1,none,-,-,-,all,mae,6.75928826033062,8,17,q_bstar_o1b,physics
iter05b_quick_bstar,0,bstar_2023,HP_Peak,oracle_O1,none,-,-,-,all,mape,25.99626731311386,8,17,q_bstar_o1b,physics
iter05b_quick_bstar,0,bstar_2023,HP_Peak,oracle_O1,none,-,-,-,all,r2,0.6679777589421165,8,17,q_bstar_o1b,physics
iter05b_quick_bstar,0,bstar_2023,HP_Peak,oracle_O1,none,-,-,-,all,n_pred_nan,0.0,8,17,q_bstar_o1b,physics
iter05b_quick_bstar,0,bstar_2023,HP_Peak,oracle_O1,none,-,-,-,all,mape_n_excluded,0.0,8,17,q_bstar_o1b,physics
iter05b_quick_bstar,0,bstar_2023,HP_Peak,oracle_O1,none,-,-,-,all,n_invalid,0.0,8,17,q_bstar_o1b,physics
iter05b_quick_bstar,0,bstar_2023,HP_Peak,oracle_O1,none,-,-,-,pbin<=15,wape,35.34524848927843,6,12,q_bstar_o1b,physics
iter05b_quick_bstar,0,bstar_2023,HP_Peak,oracle_O1,none,-,-,-,pbin<=15,rmse,8.903055692524363,6,12,q_bstar_o1b,physics
iter05b_quick_bstar,0,bstar_2023,HP_Peak,oracle_O1,none,-,-,-,pbin<=15,mae,5.276503403337471,6,12,q_bstar_o1b,physics
iter05b_quick_bstar,0,bstar_2023,HP_Peak,oracle_O1,none,-,-,-,pbin<=15,mape,25.931786094955463,6,12,q_bstar_o1b,physics
iter05b_quick_bstar,0,bstar_2023,HP_Peak,oracle_O1,none,-,-,-,pbin<=15,r2,0.5230321476545963,6,12,q_bstar_o1b,physics
iter05b_quick_bstar,0,bstar_2023,HP_Peak,oracle_O1,none,-,-,-,pbin<=15,n_pred_nan,0.0,6,12,q_bstar_o1b,physics
iter05b_quick_bstar,0,bstar_2023,HP_Peak,oracle_O1,none,-,-,-,pbin<=15,mape_n_excluded,0.0,6,12,q_bstar_o1b,physics
iter05b_quick_bstar,0,bstar_2023,HP_Peak,oracle_O1,none,-,-,-,pbin35-65,wape,23.72062300728663,2,9,q_bstar_o1b,physics
iter05b_quick_bstar,0,bstar_2023,HP_Peak,oracle_O1,none,-,-,-,pbin35-65,rmse,14.07220139433269,2,9,q_bstar_o1b,physics
iter05b_quick_bstar,0,bstar_2023,HP_Peak,oracle_O1,none,-,-,-,pbin35-65,mae,11.207642831310066,2,9,q_bstar_o1b,physics
iter05b_quick_bstar,0,bstar_2023,HP_Peak,oracle_O1,none,-,-,-,pbin35-65,mape,26.189710967589058,2,9,q_bstar_o1b,physics
iter05b_quick_bstar,0,bstar_2023,HP_Peak,oracle_O1,none,-,-,-,pbin35-65,r2,-5.464724725563266,2,9,q_bstar_o1b,physics
iter05b_quick_bstar,0,bstar_2023,HP_Peak,oracle_O1,none,-,-,-,pbin35-65,n_pred_nan,0.0,2,9,q_bstar_o1b,physics
iter05b_quick_bstar,0,bstar_2023,HP_Peak,oracle_O1,none,-,-,-,pbin35-65,mape_n_excluded,0.0,2,9,q_bstar_o1b,physics
iter05b_quick_bstar,0,bstar_2023,HP_Peak,oracle_O1,none,-,-,-,p0.1|n10,wape,26.860101910892954,4,4,q_bstar_o1b,physics
iter05b_quick_bstar,0,bstar_2023,HP_Peak,oracle_O1,none,-,-,-,p0.1|n10,rmse,2.4758520832009734,4,4,q_bstar_o1b,physics
iter05b_quick_bstar,0,bstar_2023,HP_Peak,oracle_O1,none,-,-,-,p0.1|n10,mae,1.699219200869598,4,4,q_bstar_o1b,physics
iter05b_quick_bstar,0,bstar_2023,HP_Peak,oracle_O1,none,-,-,-,p0.1|n10,mape,21.5152605347748,4,4,q_bstar_o1b,physics
iter05b_quick_bstar,0,bstar_2023,HP_Peak,oracle_O1,none,-,-,-,p0.1|n10,r2,-0.12201589075207564,4,4,q_bstar_o1b,physics
iter05b_quick_bstar,0,bstar_2023,HP_Peak,oracle_O1,none,-,-,-,p0.1|n10,n_pred_nan,0.0,4,4,q_bstar_o1b,physics
iter05b_quick_bstar,0,bstar_2023,HP_Peak,oracle_O1,none,-,-,-,p0.1|n10,mape_n_excluded,0.0,4,4,q_bstar_o1b,physics
iter05b_quick_bstar,0,bstar_2023,HP_Peak,oracle_O1,none,-,-,-,p0.1|n40,wape,38.68627090114985,2,8,q_bstar_o1b,physics
iter05b_quick_bstar,0,bstar_2023,HP_Peak,oracle_O1,none,-,-,-,p0.1|n40,rmse,15.017773300885528,2,8,q_bstar_o1b,physics
iter05b_quick_bstar,0,bstar_2023,HP_Peak,oracle_O1,none,-,-,-,p0.1|n40,mae,12.431071808273217,2,8,q_bstar_o1b,physics
iter05b_quick_bstar,0,bstar_2023,HP_Peak,oracle_O1,none,-,-,-,p0.1|n40,mape,34.76483721531678,2,8,q_bstar_o1b,physics
iter05b_quick_bstar,0,bstar_2023,HP_Peak,oracle_O1,none,-,-,-,p0.1|n40,r2,-4.16926294434892,2,8,q_bstar_o1b,physics
iter05b_quick_bstar,0,bstar_2023,HP_Peak,oracle_O1,none,-,-,-,p0.1|n40,n_pred_nan,0.0,2,8,q_bstar_o1b,physics
iter05b_quick_bstar,0,bstar_2023,HP_Peak,oracle_O1,none,-,-,-,p0.1|n40,mape_n_excluded,0.0,2,8,q_bstar_o1b,physics
iter05b_quick_bstar,0,bstar_2023,HP_Peak,oracle_O1,none,-,-,-,p0.5|n10,wape,23.72062300728663,2,9,q_bstar_o1b,physics
iter05b_quick_bstar,0,bstar_2023,HP_Peak,oracle_O1,none,-,-,-,p0.5|n10,rmse,14.07220139433269,2,9,q_bstar_o1b,physics
iter05b_quick_bstar,0,bstar_2023,HP_Peak,oracle_O1,none,-,-,-,p0.5|n10,mae,11.207642831310066,2,9,q_bstar_o1b,physics
iter05b_quick_bstar,0,bstar_2023,HP_Peak,oracle_O1,none,-,-,-,p0.5|n10,mape,26.189710967589058,2,9,q_bstar_o1b,physics
iter05b_quick_bstar,0,bstar_2023,HP_Peak,oracle_O1,none,-,-,-,p0.5|n10,r2,-5.464724725563266,2,9,q_bstar_o1b,physics
iter05b_quick_bstar,0,bstar_2023,HP_Peak,oracle_O1,none,-,-,-,p0.5|n10,n_pred_nan,0.0,2,9,q_bstar_o1b,physics
iter05b_quick_bstar,0,bstar_2023,HP_Peak,oracle_O1,none,-,-,-,p0.5|n10,mape_n_excluded,0.0,2,9,q_bstar_o1b,physics
iter05b_quick_bstar,0,bstar_2023,HP_Peak,oracle_O2,none,-,-,-,all,wape,0.27669879666995734,8,17,q_bstar_o1b,physics
iter05b_quick_bstar,0,bstar_2023,HP_Peak,oracle_O2,none,-,-,-,all,rmse,0.09092262666832818,8,17,q_bstar_o1b,physics
iter05b_quick_bstar,0,bstar_2023,HP_Peak,oracle_O2,none,-,-,-,all,mae,0.06366418452506029,8,17,q_bstar_o1b,physics
iter05b_quick_bstar,0,bstar_2023,HP_Peak,oracle_O2,none,-,-,-,all,mape,0.385548023200214,8,17,q_bstar_o1b,physics
iter05b_quick_bstar,0,bstar_2023,HP_Peak,oracle_O2,none,-,-,-,all,r2,0.9999748079270714,8,17,q_bstar_o1b,physics
iter05b_quick_bstar,0,bstar_2023,HP_Peak,oracle_O2,none,-,-,-,all,n_pred_nan,0.0,8,17,q_bstar_o1b,physics
iter05b_quick_bstar,0,bstar_2023,HP_Peak,oracle_O2,none,-,-,-,all,mape_n_excluded,0.0,8,17,q_bstar_o1b,physics
iter05b_quick_bstar,0,bstar_2023,HP_Peak,oracle_O2,none,-,-,-,all,n_invalid,0.0,8,17,q_bstar_o1b,physics
iter05b_quick_bstar,0,bstar_2023,HP_Peak,oracle_O2,none,-,-,-,pbin<=15,wape,0.3317176894685418,6,12,q_bstar_o1b,physics
iter05b_quick_bstar,0,bstar_2023,HP_Peak,oracle_O2,none,-,-,-,pbin<=15,rmse,0.07749873639790852,6,12,q_bstar_o1b,physics
iter05b_quick_bstar,0,bstar_2023,HP_Peak,oracle_O2,none,-,-,-,pbin<=15,mae,0.04952036248829709,6,12,q_bstar_o1b,physics
iter05b_quick_bstar,0,bstar_2023,HP_Peak,oracle_O2,none,-,-,-,pbin<=15,mape,0.44333388059434903,6,12,q_bstar_o1b,physics
iter05b_quick_bstar,0,bstar_2023,HP_Peak,oracle_O2,none,-,-,-,pbin<=15,r2,0.9999638589994779,6,12,q_bstar_o1b,physics
iter05b_quick_bstar,0,bstar_2023,HP_Peak,oracle_O2,none,-,-,-,pbin<=15,n_pred_nan,0.0,6,12,q_bstar_o1b,physics
iter05b_quick_bstar,0,bstar_2023,HP_Peak,oracle_O2,none,-,-,-,pbin<=15,mape_n_excluded,0.0,6,12,q_bstar_o1b,physics
iter05b_quick_bstar,0,bstar_2023,HP_Peak,oracle_O2,none,-,-,-,pbin35-65,wape,0.22454810251476862,2,9,q_bstar_o1b,physics
iter05b_quick_bstar,0,bstar_2023,HP_Peak,oracle_O2,none,-,-,-,pbin35-65,rmse,0.12267654107960167,2,9,q_bstar_o1b,physics
iter05b_quick_bstar,0,bstar_2023,HP_Peak,oracle_O2,none,-,-,-,pbin35-65,mae,0.10609565063534987,2,9,q_bstar_o1b,physics
iter05b_quick_bstar,0,bstar_2023,HP_Peak,oracle_O2,none,-,-,-,pbin35-65,mape,0.21219045101780887,2,9,q_bstar_o1b,physics
iter05b_quick_bstar,0,bstar_2023,HP_Peak,oracle_O2,none,-,-,-,pbin35-65,r2,0.9995086974731082,2,9,q_bstar_o1b,physics
iter05b_quick_bstar,0,bstar_2023,HP_Peak,oracle_O2,none,-,-,-,pbin35-65,n_pred_nan,0.0,2,9,q_bstar_o1b,physics
iter05b_quick_bstar,0,bstar_2023,HP_Peak,oracle_O2,none,-,-,-,pbin35-65,mape_n_excluded,0.0,2,9,q_bstar_o1b,physics
iter05b_quick_bstar,0,bstar_2023,HP_Peak,oracle_O2,none,-,-,-,p0.1|n10,wape,0.8186508530749839,4,4,q_bstar_o1b,physics
iter05b_quick_bstar,0,bstar_2023,HP_Peak,oracle_O2,none,-,-,-,p0.1|n10,rmse,0.08358031751258725,4,4,q_bstar_o1b,physics
iter05b_quick_bstar,0,bstar_2023,HP_Peak,oracle_O2,none,-,-,-,p0.1|n10,mae,0.051789351096585,4,4,q_bstar_o1b,physics
iter05b_quick_bstar,0,bstar_2023,HP_Peak,oracle_O2,none,-,-,-,p0.1|n10,mape,0.6069414971661943,4,4,q_bstar_o1b,physics
iter05b_quick_bstar,0,bstar_2023,HP_Peak,oracle_O2,none,-,-,-,p0.1|n10,r2,0.9987213324270663,4,4,q_bstar_o1b,physics
iter05b_quick_bstar,0,bstar_2023,HP_Peak,oracle_O2,none,-,-,-,p0.1|n10,n_pred_nan,0.0,4,4,q_bstar_o1b,physics
iter05b_quick_bstar,0,bstar_2023,HP_Peak,oracle_O2,none,-,-,-,p0.1|n10,mape_n_excluded,0.0,4,4,q_bstar_o1b,physics
iter05b_quick_bstar,0,bstar_2023,HP_Peak,oracle_O2,none,-,-,-,p0.1|n40,wape,0.1399879889072438,2,8,q_bstar_o1b,physics
iter05b_quick_bstar,0,bstar_2023,HP_Peak,oracle_O2,none,-,-,-,p0.1|n40,rmse,0.06361464830373376,2,8,q_bstar_o1b,physics
iter05b_quick_bstar,0,bstar_2023,HP_Peak,oracle_O2,none,-,-,-,p0.1|n40,mae,0.04498238527172127,2,8,q_bstar_o1b,physics
iter05b_quick_bstar,0,bstar_2023,HP_Peak,oracle_O2,none,-,-,-,p0.1|n40,mape,0.11611864745065864,2,8,q_bstar_o1b,physics
iter05b_quick_bstar,0,bstar_2023,HP_Peak,oracle_O2,none,-,-,-,p0.1|n40,r2,0.9999072461817524,2,8,q_bstar_o1b,physics
iter05b_quick_bstar,0,bstar_2023,HP_Peak,oracle_O2,none,-,-,-,p0.1|n40,n_pred_nan,0.0,2,8,q_bstar_o1b,physics
iter05b_quick_bstar,0,bstar_2023,HP_Peak,oracle_O2,none,-,-,-,p0.1|n40,mape_n_excluded,0.0,2,8,q_bstar_o1b,physics
iter05b_quick_bstar,0,bstar_2023,HP_Peak,oracle_O2,none,-,-,-,p0.5|n10,wape,0.22454810251476862,2,9,q_bstar_o1b,physics
iter05b_quick_bstar,0,bstar_2023,HP_Peak,oracle_O2,none,-,-,-,p0.5|n10,rmse,0.12267654107960167,2,9,q_bstar_o1b,physics
iter05b_quick_bstar,0,bstar_2023,HP_Peak,oracle_O2,none,-,-,-,p0.5|n10,mae,0.10609565063534987,2,9,q_bstar_o1b,physics
iter05b_quick_bstar,0,bstar_2023,HP_Peak,oracle_O2,none,-,-,-,p0.5|n10,mape,0.21219045101780887,2,9,q_bstar_o1b,physics
iter05b_quick_bstar,0,bstar_2023,HP_Peak,oracle_O2,none,-,-,-,p0.5|n10,r2,0.9995086974731082,2,9,q_bstar_o1b,physics
iter05b_quick_bstar,0,bstar_2023,HP_Peak,oracle_O2,none,-,-,-,p0.5|n10,n_pred_nan,0.0,2,9,q_bstar_o1b,physics
iter05b_quick_bstar,0,bstar_2023,HP_Peak,oracle_O2,none,-,-,-,p0.5|n10,mape_n_excluded,0.0,2,9,q_bstar_o1b,physics
iter05b_quick_bstar,0,bstar_2023,HP_Peak,oracle_floor,none,-,-,-,household,cv_peak_per_sh,0.4367455056052413,0,86,q_bstar_o1b,physics
iter05b_quick_bstar,0,bstar_2023,HP_Peak,oracle_floor,none,-,-,-,n_hp=1,cv_peak_per_sh,0.3095604478516291,4,-1,q_bstar_o1b,physics
iter05b_quick_bstar,0,bstar_2023,HP_Peak,oracle_floor,none,-,-,-,n_hp=4,cv_peak_per_sh,0.2924311277130841,2,-1,q_bstar_o1b,physics
iter05b_quick_bstar,0,bstar_2023,HP_Peak,oracle_floor,none,-,-,-,n_hp=5,cv_peak_per_sh,0.3318446708799568,2,-1,q_bstar_o1b,physics
