exp_id,split_seed,dataset,target,method,anchor,metric,value,n_substations,n_hp_households
iter02a_smoke,0,bstar_2023,HP_Peak,slope_only,none,rmse,8.873840670231244,30,20
iter02a_smoke,0,bstar_2023,HP_Peak,slope_only,none,mae,5.5564975664269545,30,20
iter02a_smoke,0,bstar_2023,HP_Peak,slope_only,none,mape,27.441040465586553,30,20
iter02a_smoke,0,bstar_2023,HP_Peak,slope_only,none,r2,0.8491074276762723,30,20
iter02a_smoke,0,bstar_2023,HP_Peak,slope_only,none,n_pred_nan,0.0,30,20
iter02a_smoke,0,bstar_2023,HP_Peak,slope_only,none,mape_n_excluded,0.0,30,20
iter02a_smoke,0,bstar_2023,HP_Peak,slope_only,none,rmse_ci_lo,1.8754232176654753,30,20
iter02a_smoke,0,bstar_2023,HP_Peak,slope_only,none,rmse_ci_hi,6.7946591895494315,30,20
iter02a_smoke,0,bstar_2023,HP_Peak,slope_only,none,rmse_boot_sd,1.2529530707735848,30,20
iter02a_smoke,0,bstar_2023,HP_Peak,slope_only,none,r2_ci_lo,-1.991026480086375,30,20
iter02a_smoke,0,bstar_2023,HP_Peak,slope_only,none,r2_ci_hi,0.898003868177754,30,20
iter02a_smoke,0,bstar_2023,HP_Peak,slope_only,none,r2_boot_sd,4.759706790191439,30,20
iter02a_smoke,0,bstar_2023,HP_Peak,slope_only,none,boot_mean_kept,0.3881666666666666,30,20
iter02a_smoke,0,bstar_2023,HP_Peak,XGBoost,size_peak,rmse,18.98452181019936,30,20
iter02a_smoke,0,bstar_2023,HP_Peak,XGBoost,size_peak,mae,10.30600711250216,30,20
iter02a_smoke,0,bstar_2023,HP_Peak,XGBoost,size_peak,mape,39.32599386633689,30,20
iter02a_smoke,0,bstar_2023,HP_Peak,XGBoost,size_peak,r2,0.3093723947511213,30,20
iter02a_smoke,0,bstar_2023,HP_Peak,XGBoost,size_peak,n_pred_nan,0.0,30,20
iter02a_smoke,0,bstar_2023,HP_Peak,XGBoost,size_peak,mape_n_excluded,0.0,30,20
iter02a_smoke,0,bstar_2023,HP_Peak,XGBoost,size_peak,rmse_ci_lo,2.1866785124317083,30,20
iter02a_smoke,0,bstar_2023,HP_Peak,XGBoost,size_peak,rmse_ci_hi,11.265537311653269,30,20
iter02a_smoke,0,bstar_2023,HP_Peak,XGBoost,size_peak,rmse_boot_sd,2.435957537706213,30,20
iter02a_smoke,0,bstar_2023,HP_Peak,XGBoost,size_peak,r2_ci_lo,-1.4555314089518538,30,20
iter02a_smoke,0,bstar_2023,HP_Peak,XGBoost,size_peak,r2_ci_hi,0.9005583137902832,30,20
iter02a_smoke,0,bstar_2023,HP_Peak,XGBoost,size_peak,r2_boot_sd,3.1184823884059716,30,20
iter02a_smoke,0,bstar_2023,HP_Peak,XGBoost,size_peak,boot_mean_kept,0.3881666666666666,30,20
iter02a_smoke,0,bstar_2023,HP_Peak,anchor_only_Linear,size,rmse,23.317433364685876,30,20
iter02a_smoke,0,bstar_2023,HP_Peak,anchor_only_Linear,size,mae,15.399453013333469,30,20
iter02a_smoke,0,bstar_2023,HP_Peak,anchor_only_Linear,size,mape,109.72641215901453,30,20
iter02a_smoke,0,bstar_2023,HP_Peak,anchor_only_Linear,size,r2,-0.04185216241119738,30,20
iter02a_smoke,0,bstar_2023,HP_Peak,anchor_only_Linear,size,n_pred_nan,0.0,30,20
iter02a_smoke,0,bstar_2023,HP_Peak,anchor_only_Linear,size,mape_n_excluded,0.0,30,20
iter02a_smoke,0,bstar_2023,HP_Peak,anchor_only_Linear,size,rmse_ci_lo,8.403490667004958,30,20
iter02a_smoke,0,bstar_2023,HP_Peak,anchor_only_Linear,size,rmse_ci_hi,14.683649620474869,30,20
iter02a_smoke,0,bstar_2023,HP_Peak,anchor_only_Linear,size,rmse_boot_sd,1.780255218597761,30,20
iter02a_smoke,0,bstar_2023,HP_Peak,anchor_only_Linear,size,r2_ci_lo,-34.14280954891713,30,20
iter02a_smoke,0,bstar_2023,HP_Peak,anchor_only_Linear,size,r2_ci_hi,-0.009512536631481563,30,20
iter02a_smoke,0,bstar_2023,HP_Peak,anchor_only_Linear,size,r2_boot_sd,28.233212542218773,30,20
iter02a_smoke,0,bstar_2023,HP_Peak,anchor_only_Linear,size,boot_mean_kept,0.3881666666666666,30,20
iter02a_smoke,0,bstar_2023,HP_Peak,anchor_only_Linear,peak,rmse,6.758582778639506,30,20
iter02a_smoke,0,bstar_2023,HP_Peak,anchor_only_Linear,peak,mae,5.6066826132617145,30,20
iter02a_smoke,0,bstar_2023,HP_Peak,anchor_only_Linear,peak,mape,47.41426887400726,30,20
iter02a_smoke,0,bstar_2023,HP_Peak,anchor_only_Linear,peak,r2,0.912470210600687,30,20
iter02a_smoke,0,bstar_2023,HP_Peak,anchor_only_Linear,peak,n_pred_nan,0.0,30,20
iter02a_smoke,0,bstar_2023,HP_Peak,anchor_only_Linear,peak,mape_n_excluded,0.0,30,20
iter02a_smoke,0,bstar_2023,HP_Peak,anchor_only_Linear,peak,rmse_ci_lo,3.7218490451047193,30,20
iter02a_smoke,0,bstar_2023,HP_Peak,anchor_only_Linear,peak,rmse_ci_hi,7.2843913975911745,30,20
iter02a_smoke,0,bstar_2023,HP_Peak,anchor_only_Linear,peak,rmse_boot_sd,0.894325014702454,30,20
iter02a_smoke,0,bstar_2023,HP_Peak,anchor_only_Linear,peak,r2_ci_lo,-9.165916088260447,30,20
iter02a_smoke,0,bstar_2023,HP_Peak,anchor_only_Linear,peak,r2_ci_hi,0.844704714760085,30,20
iter02a_smoke,0,bstar_2023,HP_Peak,anchor_only_Linear,peak,r2_boot_sd,14.541436631275499,30,20
iter02a_smoke,0,bstar_2023,HP_Peak,anchor_only_Linear,peak,boot_mean_kept,0.3881666666666666,30,20
iter02a_smoke,0,bstar_2023,HP_Peak,anchor_only_Linear,size+peak,rmse,6.758582778639506,30,20
iter02a_smoke,0,bstar_2023,HP_Peak,anchor_only_Linear,size+peak,mae,5.6066826132617145,30,20
iter02a_smoke,0,bstar_2023,HP_Peak,anchor_only_Linear,size+peak,mape,47.41426887400726,30,20
iter02a_smoke,0,bstar_2023,HP_Peak,anchor_only_Linear,size+peak,r2,0.912470210600687,30,20
iter02a_smoke,0,bstar_2023,HP_Peak,anchor_only_Linear,size+peak,n_pred_nan,0.0,30,20
iter02a_smoke,0,bstar_2023,HP_Peak,anchor_only_Linear,size+peak,mape_n_excluded,0.0,30,20
iter02a_smoke,0,bstar_2023,HP_Peak,anchor_only_Linear,size+peak,rmse_ci_lo,3.7218490451047193,30,20
iter02a_smoke,0,bstar_2023,HP_Peak,anchor_only_Linear,size+peak,rmse_ci_hi,7.2843913975911745,30,20
iter02a_smoke,0,bstar_2023,HP_Peak,anchor_only_Linear,size+peak,rmse_boot_sd,0.894325014702454,30,20
iter02a_smoke,0,bstar_2023,HP_Peak,anchor_only_Linear,size+peak,r2_ci_lo,-9.165916088260447,30,20
iter02a_smoke,0,bstar_2023,HP_Peak,anchor_only_Linear,size+peak,r2_ci_hi,0.844704714760085,30,20
iter02a_smoke,0,bstar_2023,HP_Peak,anchor_only_Linear,size+peak,r2_boot_sd,14.541436631275499,30,20
iter02a_smoke,0,bstar_2023,HP_Peak,anchor_only_Linear,size+peak,boot_mean_kept,0.3881666666666666,30,20
