split_seed,method,seconds,n_substations,target,anchor,feature_set,mode,target_transform,n_evals,n_inner,n_train,cv_wape,train_wape,arm,family
0,evaluate_members,36.78218364715576,64.0,nan,nan,nan,nan,nan,,,,,,q5,physics
0,anchor_only_Linear,0.0831751823425293,,HP_Peak,size,-,direct,none,0.0,32.0,24.0,61.16816347333343,75.59076631932624,q5,physics
0,anchor_only_Linear,0.08269500732421875,,HP_Peak,peak,-,direct,none,0.0,32.0,24.0,42.70299870914782,30.421734332739465,q5,physics
0,anchor_only_Linear,0.0911865234375,,HP_Peak,size+peak,-,direct,none,0.0,32.0,24.0,43.154108185454916,21.249261383601596,q5,physics
0,anchor_only_XGBoost,5.9780473709106445,,HP_Peak,size,-,direct,none,3.0,32.0,24.0,71.2253392927193,71.31924695523749,q5,physics
0,anchor_only_XGBoost,7.926820755004883,,HP_Peak,peak,-,direct,none,3.0,32.0,24.0,43.74039926789469,53.37365627354146,q5,physics
0,anchor_only_XGBoost,7.705363750457764,,HP_Peak,size+peak,-,direct,none,3.0,32.0,24.0,46.830326383792475,56.049704847111926,q5,physics
0,Linear,0.07861995697021484,,HP_Peak,size,netfit,direct,log,0.0,32.0,24.0,784.2008341388782,3.062184598516753e-12,q5,linear
0,Ridge,0.22584748268127441,,HP_Peak,size,netfit,direct,log,3.0,32.0,24.0,47.25470077861253,23.38028513420695,q5,linear
0,Lasso,0.23427081108093262,,HP_Peak,size,netfit,direct,log,3.0,32.0,24.0,70.5506947549351,70.62703362675751,q5,linear
0,ElasticNet,0.26537489891052246,,HP_Peak,size,netfit,direct,log,3.0,32.0,24.0,70.5506947549351,70.62703362675751,q5,linear
0,PLS,0.29512524604797363,,HP_Peak,size,netfit,direct,log,3.0,32.0,24.0,9538.490511837956,15.388682796154946,q5,linear
0,Linear,0.08048033714294434,,HP_Peak,size,netfit,residual,log,0.0,32.0,24.0,3.6034031247847296e+25,1.6665237901803877e-12,q5,linear
0,Ridge,0.2208106517791748,,HP_Peak,size,netfit,residual,log,3.0,32.0,24.0,33.53563412887537,16.629167315940748,q5,linear
0,Lasso,0.22923851013183594,,HP_Peak,size,netfit,residual,log,3.0,32.0,24.0,33.517845057690124,16.62678185060258,q5,linear
0,ElasticNet,0.702540397644043,,HP_Peak,size,netfit,residual,log,3.0,32.0,24.0,33.643347046153345,16.38065311350581,q5,linear
0,PLS,0.3000147342681885,,HP_Peak,size,netfit,residual,log,3.0,32.0,24.0,791.4075824296696,11.300942179153793,q5,linear
0,Linear,0.15260052680969238,,HP_Peak,size,both,direct,log,0.0,32.0,24.0,91.74118501102767,3.623920714906862e-13,q5,linear
0,Ridge,0.3870100975036621,,HP_Peak,size,both,direct,log,3.0,32.0,24.0,46.7523639887067,31.120144288554556,q5,linear
0,Lasso,0.45067310333251953,,HP_Peak,size,both,direct,log,3.0,32.0,24.0,70.5506947549351,70.62703362675751,q5,linear
0,ElasticNet,0.587592601776123,,HP_Peak,size,both,direct,log,3.0,32.0,24.0,70.5506947549351,70.62703362675751,q5,linear
0,PLS,0.48926877975463867,,HP_Peak,size,both,direct,log,3.0,32.0,24.0,91.77137711134881,0.018523572567113646,q5,linear
0,Linear,0.1593794822692871,,HP_Peak,size,both,residual,log,0.0,32.0,24.0,86.37769421694468,4.570142131323059e-14,q5,linear
0,Ridge,0.42642736434936523,,HP_Peak,size,both,residual,log,3.0,32.0,24.0,33.73953378228677,16.515555913034756,q5,linear
0,Lasso,0.5307192802429199,,HP_Peak,size,both,residual,log,3.0,32.0,24.0,33.517845057690124,16.62678185060258,q5,linear
0,ElasticNet,1.3492913246154785,,HP_Peak,size,both,residual,log,3.0,32.0,24.0,34.5158289108355,16.38065311350581,q5,linear
0,PLS,0.4778125286102295,,HP_Peak,size,both,residual,log,3.0,32.0,24.0,91.24045536640749,1.5551705094253723,q5,linear
0,Linear,0.08614563941955566,,HP_Peak,size_peak,netfit,direct,log,0.0,32.0,24.0,6.5284380201954485e+25,2.367131628793021e-12,q5,linear
0,Ridge,0.2268986701965332,,HP_Peak,size_peak,netfit,direct,log,3.0,32.0,24.0,47.12499235124919,22.320524766661798,q5,linear
0,Lasso,0.23505520820617676,,HP_Peak,size_peak,netfit,direct,log,3.0,32.0,24.0,70.5506947549351,70.62703362675751,q5,linear
0,ElasticNet,0.25819826126098633,,HP_Peak,size_peak,netfit,direct,log,3.0,32.0,24.0,70.5506947549351,70.62703362675751,q5,linear
0,PLS,0.30156373977661133,,HP_Peak,size_peak,netfit,direct,log,3.0,32.0,24.0,6308.823881562452,15.08423640855103,q5,linear
0,Linear,0.07657742500305176,,HP_Peak,size_peak,netfit,residual,log,0.0,32.0,24.0,1.9108883547747151e+18,1.2607658672502136e-12,q5,linear
0,Ridge,0.22086644172668457,,HP_Peak,size_peak,netfit,residual,log,3.0,32.0,24.0,33.53512998085308,16.629794368487158,q5,linear
0,Lasso,0.252138614654541,,HP_Peak,size_peak,netfit,residual,log,3.0,32.0,24.0,33.517845057690124,16.62678185060258,q5,linear
0,ElasticNet,0.8245632648468018,,HP_Peak,size_peak,netfit,residual,log,3.0,32.0,24.0,33.643347046153345,16.38065311350581,q5,linear
0,PLS,0.38208889961242676,,HP_Peak,size_peak,netfit,residual,log,3.0,32.0,24.0,5460.288644715682,11.311702850029267,q5,linear
0,Linear,0.17284297943115234,,HP_Peak,size_peak,both,direct,log,0.0,32.0,24.0,92.6069359617139,1.4127041560636748e-13,q5,linear
0,Ridge,0.4610016345977783,,HP_Peak,size_peak,both,direct,log,3.0,32.0,24.0,46.54870381095519,30.832220929740117,q5,linear
0,Lasso,0.43477416038513184,,HP_Peak,size_peak,both,direct,log,3.0,32.0,24.0,70.5506947549351,70.62703362675751,q5,linear
0,ElasticNet,0.5590319633483887,,HP_Peak,size_peak,both,direct,log,3.0,32.0,24.0,70.5506947549351,70.62703362675751,q5,linear
0,PLS,0.44993066787719727,,HP_Peak,size_peak,both,direct,log,3.0,32.0,24.0,92.64830505970467,0.02152635517954045,q5,linear
0,Linear,0.12838530540466309,,HP_Peak,size_peak,both,residual,log,0.0,32.0,24.0,86.38029549607751,4.9804449469805166e-14,q5,linear
0,Ridge,0.3556864261627197,,HP_Peak,size_peak,both,residual,log,3.0,32.0,24.0,33.73904506299504,16.516164891886845,q5,linear
0,Lasso,0.521686315536499,,HP_Peak,size_peak,both,residual,log,3.0,32.0,24.0,33.517845057690124,16.62678185060258,q5,linear
0,ElasticNet,1.5690758228302002,,HP_Peak,size_peak,both,residual,log,3.0,32.0,24.0,34.5158289108355,16.38065311350581,q5,linear
0,PLS,0.5891861915588379,,HP_Peak,size_peak,both,residual,log,3.0,32.0,24.0,91.0964415997152,1.538577768909284,q5,linear
0,FFNN,3.4805612564086914,,HP_Peak,size,netfit,direct,log,3.0,32.0,24.0,52.970020556675784,30.62618877866974,q5,neural
0,FFNN,2.752232789993286,,HP_Peak,size,netfit,residual,log,3.0,32.0,24.0,41.44513116853597,12.03457209837665,q5,neural
0,FFNN,5.718698024749756,,HP_Peak,size,both,direct,log,3.0,32.0,24.0,103.22055440325383,29.175644475999242,q5,neural
0,FFNN,7.04384446144104,,HP_Peak,size,both,residual,log,3.0,32.0,24.0,47.4576165680689,19.418460021603266,q5,neural
0,FFNN,4.090073108673096,,HP_Peak,size_peak,netfit,direct,log,3.0,32.0,24.0,59.221872140013744,36.6998979590054,q5,neural
0,FFNN,4.267709493637085,,HP_Peak,size_peak,netfit,residual,log,3.0,32.0,24.0,50.29964756710198,12.915200775517862,q5,neural
0,FFNN,4.92093300819397,,HP_Peak,size_peak,both,direct,log,3.0,32.0,24.0,53.76961707068817,42.40498536043999,q5,neural
0,FFNN,5.49653697013855,,HP_Peak,size_peak,both,residual,log,3.0,32.0,24.0,47.759528391767255,15.323068434220282,q5,neural
0,TabPFN,117.36398601531982,,HP_Peak,size,netfit,direct,log,0.0,32.0,24.0,34.31533436451137,2.7653816326263634,q5,tabpfn
0,TabPFN,71.14944767951965,,HP_Peak,size,netfit,residual,log,0.0,32.0,24.0,35.4311318655747,4.246162556445244,q5,tabpfn
0,TabPFN,151.9499237537384,,HP_Peak,size,both,direct,log,0.0,32.0,24.0,43.24936964567747,0.6730298725925583,q5,tabpfn
0,TabPFN,113.98765969276428,,HP_Peak,size,both,residual,log,0.0,32.0,24.0,35.17176744951639,0.37900243539277084,q5,tabpfn
0,TabPFN,39.73147773742676,,HP_Peak,size_peak,netfit,direct,log,0.0,32.0,24.0,35.696621315711404,2.730439211844366,q5,tabpfn
0,TabPFN,41.94014048576355,,HP_Peak,size_peak,netfit,residual,log,0.0,32.0,24.0,36.39481037813573,3.4630169061626344,q5,tabpfn
0,TabPFN,110.70337057113647,,HP_Peak,size_peak,both,direct,log,0.0,32.0,24.0,42.62974021095185,0.756325194077636,q5,tabpfn
0,TabPFN,108.81296443939209,,HP_Peak,size_peak,both,residual,log,0.0,32.0,24.0,35.58464051331268,0.3643881484379341,q5,tabpfn
0,CNN,123.02739548683167,,HP_Peak,size,raw,direct,log,2.0,32.0,24.0,53.29332387719235,58.11168148689497,q5,rawseries
0,CNN,26.63975954055786,,HP_Peak,size,raw,residual,log,2.0,32.0,24.0,34.864954870384445,19.045775487113897,q5,rawseries
0,CNN,124.43916726112366,,HP_Peak,size_peak,raw,direct,log,2.0,32.0,24.0,42.14370887752327,42.78583126370408,q5,rawseries
0,CNN,12.23378586769104,,HP_Peak,size_peak,raw,residual,log,2.0,32.0,24.0,36.611982667285076,17.452028861463738,q5,rawseries
