split_seed,method,seconds,n_substations,target,anchor,feature_set,mode,target_transform,n_evals,n_inner,n_train,cv_wape,arm,family
0,evaluate_members,1061.7407360076904,3875.0,nan,nan,nan,nan,nan,,,,,timing_probe,physics
0,anchor_only_Linear,0.01677107810974121,,HP_Peak,size,-,direct,none,0.0,1340.0,2080.0,61.460441684397864,timing_probe,physics
0,anchor_only_Linear,0.01649761199951172,,HP_Peak,peak,-,direct,none,0.0,1340.0,2080.0,53.474908987267554,timing_probe,physics
0,anchor_only_Linear,0.01784825325012207,,HP_Peak,size+peak,-,direct,none,0.0,1340.0,2080.0,37.901032663302345,timing_probe,physics
0,anchor_only_XGBoost,6.748569011688232,,HP_Peak,size,-,direct,none,50.0,1340.0,2080.0,61.54804626855319,timing_probe,physics
0,anchor_only_XGBoost,8.037635087966919,,HP_Peak,peak,-,direct,none,50.0,1340.0,2080.0,49.766026010267794,timing_probe,physics
0,anchor_only_XGBoost,14.596879005432129,,HP_Peak,size+peak,-,direct,none,50.0,1340.0,2080.0,40.595863851300884,timing_probe,physics
0,Linear,0.03740239143371582,,HP_Peak,size,netfit,direct,log,0.0,1340.0,2080.0,28.572378046652247,timing_probe,linear
0,Ridge,1.4235024452209473,,HP_Peak,size,netfit,direct,log,50.0,1340.0,2080.0,30.87128396461479,timing_probe,linear
0,Lasso,5.195526123046875,,HP_Peak,size,netfit,direct,log,50.0,1340.0,2080.0,29.461722384243533,timing_probe,linear
0,ElasticNet,2.5751471519470215,,HP_Peak,size,netfit,direct,log,50.0,1340.0,2080.0,29.38212186988887,timing_probe,linear
0,PLS,1.7698655128479004,,HP_Peak,size,netfit,direct,log,50.0,1340.0,2080.0,32.12395452801471,timing_probe,linear
0,Ridge,1.372117519378662,,HP_Peak,size,netfit,residual,log,50.0,1340.0,2080.0,25.6331279026266,timing_probe,linear
0,Lasso,11.30283522605896,,HP_Peak,size,netfit,residual,log,50.0,1340.0,2080.0,25.65651016868229,timing_probe,linear
0,ElasticNet,15.999766111373901,,HP_Peak,size,netfit,residual,log,50.0,1340.0,2080.0,25.65895794592003,timing_probe,linear
0,Linear,0.3799552917480469,,HP_Peak,size,both,direct,log,0.0,1340.0,2080.0,27.261054202606882,timing_probe,linear
0,Ridge,9.826460123062134,,HP_Peak,size,both,direct,log,50.0,1340.0,2080.0,24.798907467037225,timing_probe,linear
0,Lasso,62.47486329078674,,HP_Peak,size,both,direct,log,50.0,1340.0,2080.0,24.19805116466848,timing_probe,linear
0,ElasticNet,33.18766903877258,,HP_Peak,size,both,direct,log,50.0,1340.0,2080.0,24.207753139402744,timing_probe,linear
0,PLS,38.69651985168457,,HP_Peak,size,both,direct,log,50.0,1340.0,2080.0,24.797487138585826,timing_probe,linear
0,Ridge,26.20385503768921,,HP_Peak,size,both,residual,log,50.0,1340.0,2080.0,21.40243790502641,timing_probe,linear
0,Lasso,278.019193649292,,HP_Peak,size,both,residual,log,50.0,1340.0,2080.0,21.048234849944333,timing_probe,linear
0,ElasticNet,320.2588427066803,,HP_Peak,size,both,residual,log,50.0,1340.0,2080.0,21.065352840725975,timing_probe,linear
0,Linear,0.10468935966491699,,HP_Peak,size_peak,netfit,direct,log,0.0,1340.0,2080.0,28.36943659468615,timing_probe,linear
0,Ridge,4.476298093795776,,HP_Peak,size_peak,netfit,direct,log,50.0,1340.0,2080.0,30.946684371000746,timing_probe,linear
0,Lasso,17.621334314346313,,HP_Peak,size_peak,netfit,direct,log,50.0,1340.0,2080.0,29.461722384243533,timing_probe,linear
0,ElasticNet,7.663315773010254,,HP_Peak,size_peak,netfit,direct,log,50.0,1340.0,2080.0,29.38212186988887,timing_probe,linear
0,PLS,6.151784658432007,,HP_Peak,size_peak,netfit,direct,log,50.0,1340.0,2080.0,27.60247108603261,timing_probe,linear
0,Ridge,4.315662860870361,,HP_Peak,size_peak,netfit,residual,log,50.0,1340.0,2080.0,25.710154524990497,timing_probe,linear
0,Lasso,37.64137935638428,,HP_Peak,size_peak,netfit,residual,log,50.0,1340.0,2080.0,25.701649685466165,timing_probe,linear
0,ElasticNet,57.081403970718384,,HP_Peak,size_peak,netfit,residual,log,50.0,1340.0,2080.0,25.722950008745592,timing_probe,linear
0,Linear,0.9303946495056152,,HP_Peak,size_peak,both,direct,log,0.0,1340.0,2080.0,27.275589381762515,timing_probe,linear
0,Ridge,23.988495588302612,,HP_Peak,size_peak,both,direct,log,50.0,1340.0,2080.0,24.775148975973373,timing_probe,linear
0,Lasso,187.58301615715027,,HP_Peak,size_peak,both,direct,log,50.0,1340.0,2080.0,24.26465677199505,timing_probe,linear
0,ElasticNet,80.06208848953247,,HP_Peak,size_peak,both,direct,log,50.0,1340.0,2080.0,24.226685243685456,timing_probe,linear
0,PLS,36.10350751876831,,HP_Peak,size_peak,both,direct,log,50.0,1340.0,2080.0,24.69108879862209,timing_probe,linear
0,Ridge,25.623117685317993,,HP_Peak,size_peak,both,residual,log,50.0,1340.0,2080.0,21.405229906463898,timing_probe,linear
0,Lasso,269.9345190525055,,HP_Peak,size_peak,both,residual,log,50.0,1340.0,2080.0,21.05184829312604,timing_probe,linear
0,ElasticNet,315.9154098033905,,HP_Peak,size_peak,both,residual,log,50.0,1340.0,2080.0,21.072281379507764,timing_probe,linear
0,SVR,48.23703455924988,,HP_Peak,size,netfit,direct,log,50.0,1340.0,2080.0,21.981342853064614,timing_probe,kernel
0,SVR,43.36577224731445,,HP_Peak,size,both,direct,log,50.0,1340.0,2080.0,21.027584568555234,timing_probe,kernel
0,SVR,41.72167634963989,,HP_Peak,size_peak,netfit,direct,log,50.0,1340.0,2080.0,21.767340306038285,timing_probe,kernel
0,SVR,142.0618634223938,,HP_Peak,size_peak,both,direct,log,50.0,1340.0,2080.0,20.951555261277694,timing_probe,kernel
0,XGBoost,12.09961724281311,,HP_Peak,size,netfit,direct,log,50.0,1340.0,2080.0,24.79027113118359,timing_probe,trees
0,XGBoost,13.15647006034851,,HP_Peak,size,netfit,residual,log,50.0,1340.0,2080.0,24.214145260022757,timing_probe,trees
0,XGBoost,60.70499610900879,,HP_Peak,size,both,direct,log,50.0,1340.0,2080.0,22.80534368685574,timing_probe,trees
0,XGBoost,110.29398369789124,,HP_Peak,size,both,residual,log,50.0,1340.0,2080.0,20.867219377890432,timing_probe,trees
0,XGBoost,33.84297466278076,,HP_Peak,size_peak,netfit,direct,log,50.0,1340.0,2080.0,24.756592785614963,timing_probe,trees
0,XGBoost,33.06139349937439,,HP_Peak,size_peak,netfit,residual,log,50.0,1340.0,2080.0,24.411058131344127,timing_probe,trees
0,XGBoost,169.45697832107544,,HP_Peak,size_peak,both,direct,log,50.0,1340.0,2080.0,22.48408499292536,timing_probe,trees
0,XGBoost,185.25809502601624,,HP_Peak,size_peak,both,residual,log,50.0,1340.0,2080.0,20.47728593780395,timing_probe,trees
0,FFNN,625.5102963447571,,HP_Peak,size,netfit,direct,log,50.0,1340.0,2080.0,24.801725919685797,timing_probe,neural
0,FFNN,1448.6655459403992,,HP_Peak,size,both,direct,log,50.0,1340.0,2080.0,28.507350121734397,timing_probe,neural
0,FFNN,688.8884198665619,,HP_Peak,size_peak,netfit,direct,log,50.0,1340.0,2080.0,24.30084268036194,timing_probe,neural
0,FFNN,1538.4452304840088,,HP_Peak,size_peak,both,direct,log,50.0,1340.0,2080.0,26.447637908295583,timing_probe,neural
