exp_id,split_seed,dataset,target,n_train_hp,lc_draw,method,anchor,feature_set,mode,target_transform,cell,metric,value,n_substations,n_hp_households
iter03b_quick,0,bstar_2023,HP_Peak,16,0,paperA_sh_mh,none,-,-,-,all,wape,20.999931371035487,30,20
iter03b_quick,0,bstar_2023,HP_Peak,16,0,paperA_sh_mh,none,-,-,-,all,rmse,5.930305596521406,30,20
iter03b_quick,0,bstar_2023,HP_Peak,16,0,paperA_sh_mh,none,-,-,-,all,mae,4.592841006335622,30,20
iter03b_quick,0,bstar_2023,HP_Peak,16,0,paperA_sh_mh,none,-,-,-,all,mape,34.14316346155573,30,20
iter03b_quick,0,bstar_2023,HP_Peak,16,0,paperA_sh_mh,none,-,-,-,all,r2,0.932609487956512,30,20
iter03b_quick,0,bstar_2023,HP_Peak,16,0,paperA_sh_mh,none,-,-,-,all,n_pred_nan,0.0,30,20
iter03b_quick,0,bstar_2023,HP_Peak,16,0,paperA_sh_mh,none,-,-,-,all,mape_n_excluded,0.0,30,20
iter03b_quick,0,bstar_2023,HP_Peak,16,0,paperA_sh_mh,none,-,-,-,all,n_invalid,0.0,30,20
iter03b_quick,0,bstar_2023,HP_Peak,16,0,paperA_sh_mh,none,-,-,-,all,n_station_fallback,0.0,30,20
iter03b_quick,0,bstar_2023,HP_Peak,16,0,paperA_sh_mh,none,-,-,-,pbin<=15,wape,44.281740508295655,12,7
iter03b_quick,0,bstar_2023,HP_Peak,16,0,paperA_sh_mh,none,-,-,-,pbin<=15,rmse,3.0745030402213653,12,7
iter03b_quick,0,bstar_2023,HP_Peak,16,0,paperA_sh_mh,none,-,-,-,pbin<=15,mae,2.677641864789379,12,7
iter03b_quick,0,bstar_2023,HP_Peak,16,0,paperA_sh_mh,none,-,-,-,pbin<=15,mape,44.93216790368426,12,7
iter03b_quick,0,bstar_2023,HP_Peak,16,0,paperA_sh_mh,none,-,-,-,pbin<=15,r2,-2.09501406271145,12,7
iter03b_quick,0,bstar_2023,HP_Peak,16,0,paperA_sh_mh,none,-,-,-,pbin<=15,n_pred_nan,0.0,12,7
iter03b_quick,0,bstar_2023,HP_Peak,16,0,paperA_sh_mh,none,-,-,-,pbin<=15,mape_n_excluded,0.0,12,7
iter03b_quick,0,bstar_2023,HP_Peak,16,0,paperA_sh_mh,none,-,-,-,pbin15-35,wape,29.018493102360328,12,15
iter03b_quick,0,bstar_2023,HP_Peak,16,0,paperA_sh_mh,none,-,-,-,pbin15-35,rmse,6.048839993751033,12,15
iter03b_quick,0,bstar_2023,HP_Peak,16,0,paperA_sh_mh,none,-,-,-,pbin15-35,mae,5.103590911076352,12,15
iter03b_quick,0,bstar_2023,HP_Peak,16,0,paperA_sh_mh,none,-,-,-,pbin15-35,mape,35.0106980472,12,15
iter03b_quick,0,bstar_2023,HP_Peak,16,0,paperA_sh_mh,none,-,-,-,pbin15-35,r2,-0.0223865363312032,12,15
iter03b_quick,0,bstar_2023,HP_Peak,16,0,paperA_sh_mh,none,-,-,-,pbin15-35,n_pred_nan,0.0,12,15
iter03b_quick,0,bstar_2023,HP_Peak,16,0,paperA_sh_mh,none,-,-,-,pbin15-35,mape_n_excluded,0.0,12,15
iter03b_quick,0,bstar_2023,HP_Peak,16,0,paperA_sh_mh,none,-,-,-,pbin35-65,wape,7.923300571720045,3,11
iter03b_quick,0,bstar_2023,HP_Peak,16,0,paperA_sh_mh,none,-,-,-,pbin35-65,rmse,4.722006355402252,3,11
iter03b_quick,0,bstar_2023,HP_Peak,16,0,paperA_sh_mh,none,-,-,-,pbin35-65,mae,3.488903493572153,3,11
iter03b_quick,0,bstar_2023,HP_Peak,16,0,paperA_sh_mh,none,-,-,-,pbin35-65,mape,7.0307094267330825,3,11
iter03b_quick,0,bstar_2023,HP_Peak,16,0,paperA_sh_mh,none,-,-,-,pbin35-65,r2,0.5796400721860997,3,11
iter03b_quick,0,bstar_2023,HP_Peak,16,0,paperA_sh_mh,none,-,-,-,pbin35-65,n_pred_nan,0.0,3,11
iter03b_quick,0,bstar_2023,HP_Peak,16,0,paperA_sh_mh,none,-,-,-,pbin35-65,mape_n_excluded,0.0,3,11
iter03b_quick,0,bstar_2023,HP_Peak,16,0,paperA_sh_mh,none,-,-,-,pbin>65,wape,14.11901416564956,3,16
iter03b_quick,0,bstar_2023,HP_Peak,16,0,paperA_sh_mh,none,-,-,-,pbin>65,rmse,12.05088228319994,3,16
iter03b_quick,0,bstar_2023,HP_Peak,16,0,paperA_sh_mh,none,-,-,-,pbin>65,mae,11.314575466321145,3,16
iter03b_quick,0,bstar_2023,HP_Peak,16,0,paperA_sh_mh,none,-,-,-,pbin>65,mape,14.629461385287188,3,16
iter03b_quick,0,bstar_2023,HP_Peak,16,0,paperA_sh_mh,none,-,-,-,pbin>65,r2,-1.9593181880546395,3,16
iter03b_quick,0,bstar_2023,HP_Peak,16,0,paperA_sh_mh,none,-,-,-,pbin>65,n_pred_nan,0.0,3,16
iter03b_quick,0,bstar_2023,HP_Peak,16,0,paperA_sh_mh,none,-,-,-,pbin>65,mape_n_excluded,0.0,3,16
iter03b_quick,0,bstar_2023,HP_Peak,16,0,paperA_sh_mh,none,-,-,-,p0.05|n10,wape,43.75129498836596,6,5
iter03b_quick,0,bstar_2023,HP_Peak,16,0,paperA_sh_mh,none,-,-,-,p0.05|n10,rmse,3.15933562235428,6,5
iter03b_quick,0,bstar_2023,HP_Peak,16,0,paperA_sh_mh,none,-,-,-,p0.05|n10,mae,2.663358915715579,6,5
iter03b_quick,0,bstar_2023,HP_Peak,16,0,paperA_sh_mh,none,-,-,-,p0.05|n10,mape,43.18208389132987,6,5
iter03b_quick,0,bstar_2023,HP_Peak,16,0,paperA_sh_mh,none,-,-,-,p0.05|n10,r2,-2.1884345355275814,6,5
iter03b_quick,0,bstar_2023,HP_Peak,16,0,paperA_sh_mh,none,-,-,-,p0.05|n10,n_pred_nan,0.0,6,5
iter03b_quick,0,bstar_2023,HP_Peak,16,0,paperA_sh_mh,none,-,-,-,p0.05|n10,mape_n_excluded,0.0,6,5
iter03b_quick,0,bstar_2023,HP_Peak,16,0,paperA_sh_mh,none,-,-,-,p0.1|n10,wape,44.8193691324975,6,6
iter03b_quick,0,bstar_2023,HP_Peak,16,0,paperA_sh_mh,none,-,-,-,p0.1|n10,rmse,2.9872623443521205,6,6
iter03b_quick,0,bstar_2023,HP_Peak,16,0,paperA_sh_mh,none,-,-,-,p0.1|n10,mae,2.6919248138631784,6,6
iter03b_quick,0,bstar_2023,HP_Peak,16,0,paperA_sh_mh,none,-,-,-,p0.1|n10,mape,46.68225191603865,6,6
iter03b_quick,0,bstar_2023,HP_Peak,16,0,paperA_sh_mh,none,-,-,-,p0.1|n10,r2,-2.000133850998819,6,6
iter03b_quick,0,bstar_2023,HP_Peak,16,0,paperA_sh_mh,none,-,-,-,p0.1|n10,n_pred_nan,0.0,6,6
iter03b_quick,0,bstar_2023,HP_Peak,16,0,paperA_sh_mh,none,-,-,-,p0.1|n10,mape_n_excluded,0.0,6,6
iter03b_quick,0,bstar_2023,HP_Peak,16,0,paperA_sh_mh,none,-,-,-,p0.2|n10,wape,46.697673577165546,6,9
iter03b_quick,0,bstar_2023,HP_Peak,16,0,paperA_sh_mh,none,-,-,-,p0.2|n10,rmse,7.101466856041364,6,9
iter03b_quick,0,bstar_2023,HP_Peak,16,0,paperA_sh_mh,none,-,-,-,p0.2|n10,mae,6.289800247595203,6,9
iter03b_quick,0,bstar_2023,HP_Peak,16,0,paperA_sh_mh,none,-,-,-,p0.2|n10,mape,53.48495784648944,6,9
iter03b_quick,0,bstar_2023,HP_Peak,16,0,paperA_sh_mh,none,-,-,-,p0.2|n10,r2,-1.4665792653823568,6,9
iter03b_quick,0,bstar_2023,HP_Peak,16,0,paperA_sh_mh,none,-,-,-,p0.2|n10,n_pred_nan,0.0,6,9
iter03b_quick,0,bstar_2023,HP_Peak,16,0,paperA_sh_mh,none,-,-,-,p0.2|n10,mape_n_excluded,0.0,6,9
iter03b_quick,0,bstar_2023,HP_Peak,16,0,paperA_sh_mh,none,-,-,-,p0.3|n10,wape,18.047830405791373,6,12
iter03b_quick,0,bstar_2023,HP_Peak,16,0,paperA_sh_mh,none,-,-,-,p0.3|n10,rmse,4.769287057050557,6,12
iter03b_quick,0,bstar_2023,HP_Peak,16,0,paperA_sh_mh,none,-,-,-,p0.3|n10,mae,3.917381574557499,6,12
iter03b_quick,0,bstar_2023,HP_Peak,16,0,paperA_sh_mh,none,-,-,-,p0.3|n10,mape,16.536438247910553,6,12
iter03b_quick,0,bstar_2023,HP_Peak,16,0,paperA_sh_mh,none,-,-,-,p0.3|n10,r2,-0.321667413102616,6,12
iter03b_quick,0,bstar_2023,HP_Peak,16,0,paperA_sh_mh,none,-,-,-,p0.3|n10,n_pred_nan,0.0,6,12
iter03b_quick,0,bstar_2023,HP_Peak,16,0,paperA_sh_mh,none,-,-,-,p0.3|n10,mape_n_excluded,0.0,6,12
iter03b_quick,0,bstar_2023,HP_Peak,16,0,paperA_sh_mh,none,-,-,-,p0.5|n10,wape,7.923300571720045,3,11
iter03b_quick,0,bstar_2023,HP_Peak,16,0,paperA_sh_mh,none,-,-,-,p0.5|n10,rmse,4.722006355402252,3,11
iter03b_quick,0,bstar_2023,HP_Peak,16,0,paperA_sh_mh,none,-,-,-,p0.5|n10,mae,3.488903493572153,3,11
iter03b_quick,0,bstar_2023,HP_Peak,16,0,paperA_sh_mh,none,-,-,-,p0.5|n10,mape,7.0307094267330825,3,11
iter03b_quick,0,bstar_2023,HP_Peak,16,0,paperA_sh_mh,none,-,-,-,p0.5|n10,r2,0.5796400721860997,3,11
iter03b_quick,0,bstar_2023,HP_Peak,16,0,paperA_sh_mh,none,-,-,-,p0.5|n10,n_pred_nan,0.0,3,11
iter03b_quick,0,bstar_2023,HP_Peak,16,0,paperA_sh_mh,none,-,-,-,p0.5|n10,mape_n_excluded,0.0,3,11
iter03b_quick,0,bstar_2023,HP_Peak,16,0,paperA_sh_mh,none,-,-,-,p1.0|n10,wape,14.11901416564956,3,16
iter03b_quick,0,bstar_2023,HP_Peak,16,0,paperA_sh_mh,none,-,-,-,p1.0|n10,rmse,12.05088228319994,3,16
iter03b_quick,0,bstar_2023,HP_Peak,16,0,paperA_sh_mh,none,-,-,-,p1.0|n10,mae,11.314575466321145,3,16
iter03b_quick,0,bstar_2023,HP_Peak,16,0,paperA_sh_mh,none,-,-,-,p1.0|n10,mape,14.629461385287188,3,16
iter03b_quick,0,bstar_2023,HP_Peak,16,0,paperA_sh_mh,none,-,-,-,p1.0|n10,r2,-1.9593181880546395,3,16
iter03b_quick,0,bstar_2023,HP_Peak,16,0,paperA_sh_mh,none,-,-,-,p1.0|n10,n_pred_nan,0.0,3,16
iter03b_quick,0,bstar_2023,HP_Peak,16,0,paperA_sh_mh,none,-,-,-,p1.0|n10,mape_n_excluded,0.0,3,16
iter03b_quick,0,bstar_2023,HP_Peak,16,0,paperA_corr,none,-,-,-,all,wape,20.52632612623121,30,20
iter03b_quick,0,bstar_2023,HP_Peak,16,0,paperA_corr,none,-,-,-,all,rmse,6.48807681979816,30,20
iter03b_quick,0,bstar_2023,HP_Peak,16,0,paperA_corr,none,-,-,-,all,mae,4.489260020725695,30,20
iter03b_quick,0,bstar_2023,HP_Peak,16,0,paperA_corr,none,-,-,-,all,mape,28.79795258697114,30,20
iter03b_quick,0,bstar_2023,HP_Peak,16,0,paperA_corr,none,-,-,-,all,r2,0.9193365903950218,30,20
iter03b_quick,0,bstar_2023,HP_Peak,16,0,paperA_corr,none,-,-,-,all,n_pred_nan,0.0,30,20
iter03b_quick,0,bstar_2023,HP_Peak,16,0,paperA_corr,none,-,-,-,all,mape_n_excluded,0.0,30,20
iter03b_quick,0,bstar_2023,HP_Peak,16,0,paperA_corr,none,-,-,-,all,n_invalid,0.0,30,20
iter03b_quick,0,bstar_2023,HP_Peak,16,0,paperA_corr,none,-,-,-,all,n_station_fallback,0.0,30,20
iter03b_quick,0,bstar_2023,HP_Peak,16,0,paperA_corr,none,-,-,-,pbin<=15,wape,41.877999536758125,12,7
iter03b_quick,0,bstar_2023,HP_Peak,16,0,paperA_corr,none,-,-,-,pbin<=15,rmse,3.202798004740638,12,7
iter03b_quick,0,bstar_2023,HP_Peak,16,0,paperA_corr,none,-,-,-,pbin<=15,mae,2.5322917185752165,12,7
iter03b_quick,0,bstar_2023,HP_Peak,16,0,paperA_corr,none,-,-,-,pbin<=15,mape,38.83437184462562,12,7
iter03b_quick,0,bstar_2023,HP_Peak,16,0,paperA_corr,none,-,-,-,pbin<=15,r2,-2.3587050831589083,12,7
iter03b_quick,0,bstar_2023,HP_Peak,16,0,paperA_corr,none,-,-,-,pbin<=15,n_pred_nan,0.0,12,7
iter03b_quick,0,bstar_2023,HP_Peak,16,0,paperA_corr,none,-,-,-,pbin<=15,mape_n_excluded,0.0,12,7
iter03b_quick,0,bstar_2023,HP_Peak,16,0,paperA_corr,none,-,-,-,pbin15-35,wape,23.51186442782948,12,15
iter03b_quick,0,bstar_2023,HP_Peak,16,0,paperA_corr,none,-,-,-,pbin15-35,rmse,5.721144040480965,12,15
iter03b_quick,0,bstar_2023,HP_Peak,16,0,paperA_corr,none,-,-,-,pbin15-35,mae,4.135119531295361,12,15
iter03b_quick,0,bstar_2023,HP_Peak,16,0,paperA_corr,none,-,-,-,pbin15-35,mape,26.53583174019584,12,15
iter03b_quick,0,bstar_2023,HP_Peak,16,0,paperA_corr,none,-,-,-,pbin15-35,r2,0.0853884262264002,12,15
iter03b_quick,0,bstar_2023,HP_Peak,16,0,paperA_corr,none,-,-,-,pbin15-35,n_pred_nan,0.0,12,15
iter03b_quick,0,bstar_2023,HP_Peak,16,0,paperA_corr,none,-,-,-,pbin15-35,mape_n_excluded,0.0,12,15
iter03b_quick,0,bstar_2023,HP_Peak,16,0,paperA_corr,none,-,-,-,pbin35-65,wape,9.763973910258434,3,11
iter03b_quick,0,bstar_2023,HP_Peak,16,0,paperA_corr,none,-,-,-,pbin35-65,rmse,6.158302731156938,3,11
iter03b_quick,0,bstar_2023,HP_Peak,16,0,paperA_corr,none,-,-,-,pbin35-65,mae,4.299415676370437,3,11
iter03b_quick,0,bstar_2023,HP_Peak,16,0,paperA_corr,none,-,-,-,pbin35-65,mape,8.588399379054156,3,11
iter03b_quick,0,bstar_2023,HP_Peak,16,0,paperA_corr,none,-,-,-,pbin35-65,r2,0.2850260103154748,3,11
iter03b_quick,0,bstar_2023,HP_Peak,16,0,paperA_corr,none,-,-,-,pbin35-65,n_pred_nan,0.0,3,11
iter03b_quick,0,bstar_2023,HP_Peak,16,0,paperA_corr,none,-,-,-,pbin35-65,mape_n_excluded,0.0,3,11
iter03b_quick,0,bstar_2023,HP_Peak,16,0,paperA_corr,none,-,-,-,pbin>65,wape,17.37463791416968,3,16
iter03b_quick,0,bstar_2023,HP_Peak,16,0,paperA_corr,none,-,-,-,pbin>65,rmse,14.528217333969131,3,16
iter03b_quick,0,bstar_2023,HP_Peak,16,0,paperA_corr,none,-,-,-,pbin>65,mae,13.923539531404195,3,16
iter03b_quick,0,bstar_2023,HP_Peak,16,0,paperA_corr,none,-,-,-,pbin>65,mape,17.910312151371386,3,16
iter03b_quick,0,bstar_2023,HP_Peak,16,0,paperA_corr,none,-,-,-,pbin>65,r2,-3.301090998888145,3,16
iter03b_quick,0,bstar_2023,HP_Peak,16,0,paperA_corr,none,-,-,-,pbin>65,n_pred_nan,0.0,3,16
iter03b_quick,0,bstar_2023,HP_Peak,16,0,paperA_corr,none,-,-,-,pbin>65,mape_n_excluded,0.0,3,16
iter03b_quick,0,bstar_2023,HP_Peak,16,0,paperA_corr,none,-,-,-,p0.05|n10,wape,52.97267360374306,6,5
iter03b_quick,0,bstar_2023,HP_Peak,16,0,paperA_corr,none,-,-,-,p0.05|n10,rmse,3.916826131112381,6,5
iter03b_quick,0,bstar_2023,HP_Peak,16,0,paperA_corr,none,-,-,-,p0.05|n10,mae,3.2247100930232317,6,5
iter03b_quick,0,bstar_2023,HP_Peak,16,0,paperA_corr,none,-,-,-,p0.05|n10,mape,48.034604393733886,6,5
iter03b_quick,0,bstar_2023,HP_Peak,16,0,paperA_corr,none,-,-,-,p0.05|n10,r2,-3.9006598884544585,6,5
iter03b_quick,0,bstar_2023,HP_Peak,16,0,paperA_corr,none,-,-,-,p0.05|n10,n_pred_nan,0.0,6,5
iter03b_quick,0,bstar_2023,HP_Peak,16,0,paperA_corr,none,-,-,-,p0.05|n10,mape_n_excluded,0.0,6,5
iter03b_quick,0,bstar_2023,HP_Peak,16,0,paperA_corr,none,-,-,-,p0.1|n10,wape,30.63308534577481,6,6
iter03b_quick,0,bstar_2023,HP_Peak,16,0,paperA_corr,none,-,-,-,p0.1|n10,rmse,2.2747094708943467,6,6
iter03b_quick,0,bstar_2023,HP_Peak,16,0,paperA_corr,none,-,-,-,p0.1|n10,mae,1.839873344127203,6,6
iter03b_quick,0,bstar_2023,HP_Peak,16,0,paperA_corr,none,-,-,-,p0.1|n10,mape,29.634139295517333,6,6
iter03b_quick,0,bstar_2023,HP_Peak,16,0,paperA_corr,none,-,-,-,p0.1|n10,r2,-0.7395854797111345,6,6
iter03b_quick,0,bstar_2023,HP_Peak,16,0,paperA_corr,none,-,-,-,p0.1|n10,n_pred_nan,0.0,6,6
iter03b_quick,0,bstar_2023,HP_Peak,16,0,paperA_corr,none,-,-,-,p0.1|n10,mape_n_excluded,0.0,6,6
iter03b_quick,0,bstar_2023,HP_Peak,16,0,paperA_corr,none,-,-,-,p0.2|n10,wape,35.53791455738607,6,9
iter03b_quick,0,bstar_2023,HP_Peak,16,0,paperA_corr,none,-,-,-,p0.2|n10,rmse,6.473943827421808,6,9
iter03b_quick,0,bstar_2023,HP_Peak,16,0,paperA_corr,none,-,-,-,p0.2|n10,mae,4.786670655288599,6,9
iter03b_quick,0,bstar_2023,HP_Peak,16,0,paperA_corr,none,-,-,-,p0.2|n10,mape,38.086624130396665,6,9
iter03b_quick,0,bstar_2023,HP_Peak,16,0,paperA_corr,none,-,-,-,p0.2|n10,r2,-1.0499194738061997,6,9
iter03b_quick,0,bstar_2023,HP_Peak,16,0,paperA_corr,none,-,-,-,p0.2|n10,n_pred_nan,0.0,6,9
iter03b_quick,0,bstar_2023,HP_Peak,16,0,paperA_corr,none,-,-,-,p0.2|n10,mape_n_excluded,0.0,6,9
iter03b_quick,0,bstar_2023,HP_Peak,16,0,paperA_corr,none,-,-,-,p0.3|n10,wape,16.04920292429345,6,12
iter03b_quick,0,bstar_2023,HP_Peak,16,0,paperA_corr,none,-,-,-,p0.3|n10,rmse,4.852940302872971,6,12
iter03b_quick,0,bstar_2023,HP_Peak,16,0,paperA_corr,none,-,-,-,p0.3|n10,mae,3.483568407302124,6,12
iter03b_quick,0,bstar_2023,HP_Peak,16,0,paperA_corr,none,-,-,-,p0.3|n10,mape,14.985039349995022,6,12
iter03b_quick,0,bstar_2023,HP_Peak,16,0,paperA_corr,none,-,-,-,p0.3|n10,r2,-0.3684380913251555,6,12
iter03b_quick,0,bstar_2023,HP_Peak,16,0,paperA_corr,none,-,-,-,p0.3|n10,n_pred_nan,0.0,6,12
iter03b_quick,0,bstar_2023,HP_Peak,16,0,paperA_corr,none,-,-,-,p0.3|n10,mape_n_excluded,0.0,6,12
iter03b_quick,0,bstar_2023,HP_Peak,16,0,paperA_corr,none,-,-,-,p0.5|n10,wape,9.763973910258434,3,11
iter03b_quick,0,bstar_2023,HP_Peak,16,0,paperA_corr,none,-,-,-,p0.5|n10,rmse,6.158302731156938,3,11
iter03b_quick,0,bstar_2023,HP_Peak,16,0,paperA_corr,none,-,-,-,p0.5|n10,mae,4.299415676370437,3,11
iter03b_quick,0,bstar_2023,HP_Peak,16,0,paperA_corr,none,-,-,-,p0.5|n10,mape,8.588399379054156,3,11
iter03b_quick,0,bstar_2023,HP_Peak,16,0,paperA_corr,none,-,-,-,p0.5|n10,r2,0.2850260103154748,3,11
iter03b_quick,0,bstar_2023,HP_Peak,16,0,paperA_corr,none,-,-,-,p0.5|n10,n_pred_nan,0.0,3,11
iter03b_quick,0,bstar_2023,HP_Peak,16,0,paperA_corr,none,-,-,-,p0.5|n10,mape_n_excluded,0.0,3,11
iter03b_quick,0,bstar_2023,HP_Peak,16,0,paperA_corr,none,-,-,-,p1.0|n10,wape,17.37463791416968,3,16
iter03b_quick,0,bstar_2023,HP_Peak,16,0,paperA_corr,none,-,-,-,p1.0|n10,rmse,14.528217333969131,3,16
iter03b_quick,0,bstar_2023,HP_Peak,16,0,paperA_corr,none,-,-,-,p1.0|n10,mae,13.923539531404195,3,16
iter03b_quick,0,bstar_2023,HP_Peak,16,0,paperA_corr,none,-,-,-,p1.0|n10,mape,17.910312151371386,3,16
iter03b_quick,0,bstar_2023,HP_Peak,16,0,paperA_corr,none,-,-,-,p1.0|n10,r2,-3.301090998888145,3,16
iter03b_quick,0,bstar_2023,HP_Peak,16,0,paperA_corr,none,-,-,-,p1.0|n10,n_pred_nan,0.0,3,16
iter03b_quick,0,bstar_2023,HP_Peak,16,0,paperA_corr,none,-,-,-,p1.0|n10,mape_n_excluded,0.0,3,16
iter03b_quick,0,bstar_2023,HP_Peak,16,0,paperA_cal,none,-,-,-,all,wape,26.20546906982413,30,20
iter03b_quick,0,bstar_2023,HP_Peak,16,0,paperA_cal,none,-,-,-,all,rmse,9.202338963010058,30,20
iter03b_quick,0,bstar_2023,HP_Peak,16,0,paperA_cal,none,-,-,-,all,mae,5.731330774735449,30,20
iter03b_quick,0,bstar_2023,HP_Peak,16,0,paperA_cal,none,-,-,-,all,mape,27.38166984995195,30,20
iter03b_quick,0,bstar_2023,HP_Peak,16,0,paperA_cal,none,-,-,-,all,r2,0.8377289444360247,30,20
iter03b_quick,0,bstar_2023,HP_Peak,16,0,paperA_cal,none,-,-,-,all,n_pred_nan,0.0,30,20
iter03b_quick,0,bstar_2023,HP_Peak,16,0,paperA_cal,none,-,-,-,all,mape_n_excluded,0.0,30,20
iter03b_quick,0,bstar_2023,HP_Peak,16,0,paperA_cal,none,-,-,-,all,n_invalid,0.0,30,20
iter03b_quick,0,bstar_2023,HP_Peak,16,0,paperA_cal,none,-,-,-,all,cal_b,-0.2062888914670932,30,20
iter03b_quick,0,bstar_2023,HP_Peak,16,0,paperA_cal,none,-,-,-,all,n_cal_train,36.0,30,20
iter03b_quick,0,bstar_2023,HP_Peak,16,0,paperA_cal,none,-,-,-,pbin<=15,wape,32.964561893695425,12,7
iter03b_quick,0,bstar_2023,HP_Peak,16,0,paperA_cal,none,-,-,-,pbin<=15,rmse,2.5326908108101844,12,7
iter03b_quick,0,bstar_2023,HP_Peak,16,0,paperA_cal,none,-,-,-,pbin<=15,mae,1.9933112377202904,12,7
iter03b_quick,0,bstar_2023,HP_Peak,16,0,paperA_cal,none,-,-,-,pbin<=15,mape,30.396812701768035,12,7
iter03b_quick,0,bstar_2023,HP_Peak,16,0,paperA_cal,none,-,-,-,pbin<=15,r2,-1.100279639597615,12,7
iter03b_quick,0,bstar_2023,HP_Peak,16,0,paperA_cal,none,-,-,-,pbin<=15,n_pred_nan,0.0,12,7
iter03b_quick,0,bstar_2023,HP_Peak,16,0,paperA_cal,none,-,-,-,pbin<=15,mape_n_excluded,0.0,12,7
iter03b_quick,0,bstar_2023,HP_Peak,16,0,paperA_cal,none,-,-,-,pbin15-35,wape,22.194258074870664,12,15
iter03b_quick,0,bstar_2023,HP_Peak,16,0,paperA_cal,none,-,-,-,pbin15-35,rmse,5.417209483811131,12,15
iter03b_quick,0,bstar_2023,HP_Peak,16,0,paperA_cal,none,-,-,-,pbin15-35,mae,3.903387174152732,12,15
iter03b_quick,0,bstar_2023,HP_Peak,16,0,paperA_cal,none,-,-,-,pbin15-35,mape,25.250388277132203,12,15
iter03b_quick,0,bstar_2023,HP_Peak,16,0,paperA_cal,none,-,-,-,pbin15-35,r2,0.1799842596409251,12,15
iter03b_quick,0,bstar_2023,HP_Peak,16,0,paperA_cal,none,-,-,-,pbin15-35,n_pred_nan,0.0,12,15
iter03b_quick,0,bstar_2023,HP_Peak,16,0,paperA_cal,none,-,-,-,pbin15-35,mape_n_excluded,0.0,12,15
iter03b_quick,0,bstar_2023,HP_Peak,16,0,paperA_cal,none,-,-,-,pbin35-65,wape,21.763615634715972,3,11
iter03b_quick,0,bstar_2023,HP_Peak,16,0,paperA_cal,none,-,-,-,pbin35-65,rmse,10.758148592710866,3,11
iter03b_quick,0,bstar_2023,HP_Peak,16,0,paperA_cal,none,-,-,-,pbin35-65,mae,9.583273275248024,3,11
iter03b_quick,0,bstar_2023,HP_Peak,16,0,paperA_cal,none,-,-,-,pbin35-65,mape,20.68519412882185,3,11
iter03b_quick,0,bstar_2023,HP_Peak,16,0,paperA_cal,none,-,-,-,pbin35-65,r2,-1.1819422472339571,3,11
iter03b_quick,0,bstar_2023,HP_Peak,16,0,paperA_cal,none,-,-,-,pbin35-65,n_pred_nan,0.0,3,11
iter03b_quick,0,bstar_2023,HP_Peak,16,0,paperA_cal,none,-,-,-,pbin35-65,mape_n_excluded,0.0,3,11
iter03b_quick,0,bstar_2023,HP_Peak,16,0,paperA_cal,none,-,-,-,pbin>65,wape,30.127401617681155,3,16
iter03b_quick,0,bstar_2023,HP_Peak,16,0,paperA_cal,none,-,-,-,pbin>65,rmse,24.249740976345723,3,16
iter03b_quick,0,bstar_2023,HP_Peak,16,0,paperA_cal,none,-,-,-,pbin>65,mae,24.143240824614377,3,16
iter03b_quick,0,bstar_2023,HP_Peak,16,0,paperA_cal,none,-,-,-,pbin>65,mape,30.54270045509675,3,16
iter03b_quick,0,bstar_2023,HP_Peak,16,0,paperA_cal,none,-,-,-,pbin>65,r2,-10.983072396093212,3,16
iter03b_quick,0,bstar_2023,HP_Peak,16,0,paperA_cal,none,-,-,-,pbin>65,n_pred_nan,0.0,3,16
iter03b_quick,0,bstar_2023,HP_Peak,16,0,paperA_cal,none,-,-,-,pbin>65,mape_n_excluded,0.0,3,16
iter03b_quick,0,bstar_2023,HP_Peak,16,0,paperA_cal,none,-,-,-,p0.05|n10,wape,36.444230440602766,6,5
iter03b_quick,0,bstar_2023,HP_Peak,16,0,paperA_cal,none,-,-,-,p0.05|n10,rmse,2.976706984723613,6,5
iter03b_quick,0,bstar_2023,HP_Peak,16,0,paperA_cal,none,-,-,-,p0.05|n10,mae,2.2185415562255493,6,5
iter03b_quick,0,bstar_2023,HP_Peak,16,0,paperA_cal,none,-,-,-,p0.05|n10,mape,31.59580070567765,6,5
iter03b_quick,0,bstar_2023,HP_Peak,16,0,paperA_cal,none,-,-,-,p0.05|n10,r2,-1.8304673460834544,6,5
iter03b_quick,0,bstar_2023,HP_Peak,16,0,paperA_cal,none,-,-,-,p0.05|n10,n_pred_nan,0.0,6,5
iter03b_quick,0,bstar_2023,HP_Peak,16,0,paperA_cal,none,-,-,-,p0.05|n10,mape_n_excluded,0.0,6,5
iter03b_quick,0,bstar_2023,HP_Peak,16,0,paperA_cal,none,-,-,-,p0.1|n10,wape,29.437772914875964,6,6
iter03b_quick,0,bstar_2023,HP_Peak,16,0,paperA_cal,none,-,-,-,p0.1|n10,rmse,1.9920494505464352,6,6
iter03b_quick,0,bstar_2023,HP_Peak,16,0,paperA_cal,none,-,-,-,p0.1|n10,mae,1.7680809192150315,6,6
iter03b_quick,0,bstar_2023,HP_Peak,16,0,paperA_cal,none,-,-,-,p0.1|n10,mape,29.197824697858408,6,6
iter03b_quick,0,bstar_2023,HP_Peak,16,0,paperA_cal,none,-,-,-,p0.1|n10,r2,-0.3341176584645171,6,6
iter03b_quick,0,bstar_2023,HP_Peak,16,0,paperA_cal,none,-,-,-,p0.1|n10,n_pred_nan,0.0,6,6
iter03b_quick,0,bstar_2023,HP_Peak,16,0,paperA_cal,none,-,-,-,p0.1|n10,mape_n_excluded,0.0,6,6
iter03b_quick,0,bstar_2023,HP_Peak,16,0,paperA_cal,none,-,-,-,p0.2|n10,wape,33.22264958485236,6,9
iter03b_quick,0,bstar_2023,HP_Peak,16,0,paperA_cal,none,-,-,-,p0.2|n10,rmse,5.961651325054356,6,9
iter03b_quick,0,bstar_2023,HP_Peak,16,0,paperA_cal,none,-,-,-,p0.2|n10,mae,4.474823124523986,6,9
iter03b_quick,0,bstar_2023,HP_Peak,16,0,paperA_cal,none,-,-,-,p0.2|n10,mape,35.038133058777746,6,9
iter03b_quick,0,bstar_2023,HP_Peak,16,0,paperA_cal,none,-,-,-,p0.2|n10,r2,-0.7383294658951423,6,9
iter03b_quick,0,bstar_2023,HP_Peak,16,0,paperA_cal,none,-,-,-,p0.2|n10,n_pred_nan,0.0,6,9
iter03b_quick,0,bstar_2023,HP_Peak,16,0,paperA_cal,none,-,-,-,p0.2|n10,mape_n_excluded,0.0,6,9
iter03b_quick,0,bstar_2023,HP_Peak,16,0,paperA_cal,none,-,-,-,p0.3|n10,wape,15.35068500800049,6,12
iter03b_quick,0,bstar_2023,HP_Peak,16,0,paperA_cal,none,-,-,-,p0.3|n10,rmse,4.811551793492842,6,12
iter03b_quick,0,bstar_2023,HP_Peak,16,0,paperA_cal,none,-,-,-,p0.3|n10,mae,3.3319512237814792,6,12
iter03b_quick,0,bstar_2023,HP_Peak,16,0,paperA_cal,none,-,-,-,p0.3|n10,mape,15.462643495486658,6,12
iter03b_quick,0,bstar_2023,HP_Peak,16,0,paperA_cal,none,-,-,-,p0.3|n10,r2,-0.3451960602655701,6,12
iter03b_quick,0,bstar_2023,HP_Peak,16,0,paperA_cal,none,-,-,-,p0.3|n10,n_pred_nan,0.0,6,12
iter03b_quick,0,bstar_2023,HP_Peak,16,0,paperA_cal,none,-,-,-,p0.3|n10,mape_n_excluded,0.0,6,12
iter03b_quick,0,bstar_2023,HP_Peak,16,0,paperA_cal,none,-,-,-,p0.5|n10,wape,21.763615634715972,3,11
iter03b_quick,0,bstar_2023,HP_Peak,16,0,paperA_cal,none,-,-,-,p0.5|n10,rmse,10.758148592710866,3,11
iter03b_quick,0,bstar_2023,HP_Peak,16,0,paperA_cal,none,-,-,-,p0.5|n10,mae,9.583273275248024,3,11
iter03b_quick,0,bstar_2023,HP_Peak,16,0,paperA_cal,none,-,-,-,p0.5|n10,mape,20.68519412882185,3,11
iter03b_quick,0,bstar_2023,HP_Peak,16,0,paperA_cal,none,-,-,-,p0.5|n10,r2,-1.1819422472339571,3,11
iter03b_quick,0,bstar_2023,HP_Peak,16,0,paperA_cal,none,-,-,-,p0.5|n10,n_pred_nan,0.0,3,11
iter03b_quick,0,bstar_2023,HP_Peak,16,0,paperA_cal,none,-,-,-,p0.5|n10,mape_n_excluded,0.0,3,11
iter03b_quick,0,bstar_2023,HP_Peak,16,0,paperA_cal,none,-,-,-,p1.0|n10,wape,30.127401617681155,3,16
iter03b_quick,0,bstar_2023,HP_Peak,16,0,paperA_cal,none,-,-,-,p1.0|n10,rmse,24.249740976345723,3,16
iter03b_quick,0,bstar_2023,HP_Peak,16,0,paperA_cal,none,-,-,-,p1.0|n10,mae,24.143240824614377,3,16
iter03b_quick,0,bstar_2023,HP_Peak,16,0,paperA_cal,none,-,-,-,p1.0|n10,mape,30.54270045509675,3,16
iter03b_quick,0,bstar_2023,HP_Peak,16,0,paperA_cal,none,-,-,-,p1.0|n10,r2,-10.983072396093212,3,16
iter03b_quick,0,bstar_2023,HP_Peak,16,0,paperA_cal,none,-,-,-,p1.0|n10,n_pred_nan,0.0,3,16
iter03b_quick,0,bstar_2023,HP_Peak,16,0,paperA_cal,none,-,-,-,p1.0|n10,mape_n_excluded,0.0,3,16
iter03b_quick,0,bstar_2023,HP_Peak,16,0,paperA_corr_cal,none,-,-,-,all,wape,19.232031770174157,30,20
iter03b_quick,0,bstar_2023,HP_Peak,16,0,paperA_corr_cal,none,-,-,-,all,rmse,5.855521083446542,30,20
iter03b_quick,0,bstar_2023,HP_Peak,16,0,paperA_corr_cal,none,-,-,-,all,mae,4.206188229311811,30,20
iter03b_quick,0,bstar_2023,HP_Peak,16,0,paperA_corr_cal,none,-,-,-,all,mape,28.982723316520055,30,20
iter03b_quick,0,bstar_2023,HP_Peak,16,0,paperA_corr_cal,none,-,-,-,all,r2,0.9342984361536748,30,20
iter03b_quick,0,bstar_2023,HP_Peak,16,0,paperA_corr_cal,none,-,-,-,all,n_pred_nan,0.0,30,20
iter03b_quick,0,bstar_2023,HP_Peak,16,0,paperA_corr_cal,none,-,-,-,all,mape_n_excluded,0.0,30,20
iter03b_quick,0,bstar_2023,HP_Peak,16,0,paperA_corr_cal,none,-,-,-,all,n_invalid,0.0,30,20
iter03b_quick,0,bstar_2023,HP_Peak,16,0,paperA_corr_cal,none,-,-,-,all,cal_b,0.0445512617388281,30,20
iter03b_quick,0,bstar_2023,HP_Peak,16,0,paperA_corr_cal,none,-,-,-,all,n_cal_train,36.0,30,20
iter03b_quick,0,bstar_2023,HP_Peak,16,0,paperA_corr_cal,none,-,-,-,pbin<=15,wape,42.17197976470575,12,7
iter03b_quick,0,bstar_2023,HP_Peak,16,0,paperA_corr_cal,none,-,-,-,pbin<=15,rmse,3.189994972087122,12,7
iter03b_quick,0,bstar_2023,HP_Peak,16,0,paperA_corr_cal,none,-,-,-,pbin<=15,mae,2.55006820515269,12,7
iter03b_quick,0,bstar_2023,HP_Peak,16,0,paperA_corr_cal,none,-,-,-,pbin<=15,mape,39.08499130639726,12,7
iter03b_quick,0,bstar_2023,HP_Peak,16,0,paperA_corr_cal,none,-,-,-,pbin<=15,r2,-2.331906226444946,12,7
iter03b_quick,0,bstar_2023,HP_Peak,16,0,paperA_corr_cal,none,-,-,-,pbin<=15,n_pred_nan,0.0,12,7
iter03b_quick,0,bstar_2023,HP_Peak,16,0,paperA_corr_cal,none,-,-,-,pbin<=15,mape_n_excluded,0.0,12,7
iter03b_quick,0,bstar_2023,HP_Peak,16,0,paperA_corr_cal,none,-,-,-,pbin15-35,wape,24.58075207630928,12,15
iter03b_quick,0,bstar_2023,HP_Peak,16,0,paperA_corr_cal,none,-,-,-,pbin15-35,rmse,5.855144518366631,12,15
iter03b_quick,0,bstar_2023,HP_Peak,16,0,paperA_corr_cal,none,-,-,-,pbin15-35,mae,4.32310879967331,12,15
iter03b_quick,0,bstar_2023,HP_Peak,16,0,paperA_corr_cal,none,-,-,-,pbin15-35,mape,27.98878675274505,12,15
iter03b_quick,0,bstar_2023,HP_Peak,16,0,paperA_corr_cal,none,-,-,-,pbin15-35,r2,0.0420426664696019,12,15
iter03b_quick,0,bstar_2023,HP_Peak,16,0,paperA_corr_cal,none,-,-,-,pbin15-35,n_pred_nan,0.0,12,15
iter03b_quick,0,bstar_2023,HP_Peak,16,0,paperA_corr_cal,none,-,-,-,pbin15-35,mape_n_excluded,0.0,12,15
iter03b_quick,0,bstar_2023,HP_Peak,16,0,paperA_corr_cal,none,-,-,-,pbin35-65,wape,8.316930291915558,3,11
iter03b_quick,0,bstar_2023,HP_Peak,16,0,paperA_corr_cal,none,-,-,-,pbin35-65,rmse,4.9670659705845015,3,11
iter03b_quick,0,bstar_2023,HP_Peak,16,0,paperA_corr_cal,none,-,-,-,pbin35-65,mae,3.662232284210954,3,11
iter03b_quick,0,bstar_2023,HP_Peak,16,0,paperA_corr_cal,none,-,-,-,pbin35-65,mape,7.361697771564183,3,11
iter03b_quick,0,bstar_2023,HP_Peak,16,0,paperA_corr_cal,none,-,-,-,pbin35-65,r2,0.5348767697590651,3,11
iter03b_quick,0,bstar_2023,HP_Peak,16,0,paperA_corr_cal,none,-,-,-,pbin35-65,n_pred_nan,0.0,3,11
iter03b_quick,0,bstar_2023,HP_Peak,16,0,paperA_corr_cal,none,-,-,-,pbin35-65,mape_n_excluded,0.0,3,11
iter03b_quick,0,bstar_2023,HP_Peak,16,0,paperA_corr_cal,none,-,-,-,pbin>65,wape,13.61034436630042,3,16
iter03b_quick,0,bstar_2023,HP_Peak,16,0,paperA_corr_cal,none,-,-,-,pbin>65,rmse,11.847547687987218,3,16
iter03b_quick,0,bstar_2023,HP_Peak,16,0,paperA_corr_cal,none,-,-,-,pbin>65,mae,10.906941989603157,3,16
iter03b_quick,0,bstar_2023,HP_Peak,16,0,paperA_corr_cal,none,-,-,-,pbin>65,mape,14.170423157067203,3,16
iter03b_quick,0,bstar_2023,HP_Peak,16,0,paperA_corr_cal,none,-,-,-,pbin>65,r2,-1.860295520610033,3,16
iter03b_quick,0,bstar_2023,HP_Peak,16,0,paperA_corr_cal,none,-,-,-,pbin>65,n_pred_nan,0.0,3,16
iter03b_quick,0,bstar_2023,HP_Peak,16,0,paperA_corr_cal,none,-,-,-,pbin>65,mape_n_excluded,0.0,3,16
iter03b_quick,0,bstar_2023,HP_Peak,16,0,paperA_corr_cal,none,-,-,-,p0.05|n10,wape,52.12236685665212,6,5
iter03b_quick,0,bstar_2023,HP_Peak,16,0,paperA_corr_cal,none,-,-,-,p0.05|n10,rmse,3.882309389846344,6,5
iter03b_quick,0,bstar_2023,HP_Peak,16,0,paperA_corr_cal,none,-,-,-,p0.05|n10,mae,3.1729476924689166,6,5
iter03b_quick,0,bstar_2023,HP_Peak,16,0,paperA_corr_cal,none,-,-,-,p0.05|n10,mape,47.18575423408628,6,5
iter03b_quick,0,bstar_2023,HP_Peak,16,0,paperA_corr_cal,none,-,-,-,p0.05|n10,r2,-3.814667060778617,6,5
iter03b_quick,0,bstar_2023,HP_Peak,16,0,paperA_corr_cal,none,-,-,-,p0.05|n10,n_pred_nan,0.0,6,5
iter03b_quick,0,bstar_2023,HP_Peak,16,0,paperA_corr_cal,none,-,-,-,p0.05|n10,mape_n_excluded,0.0,6,5
iter03b_quick,0,bstar_2023,HP_Peak,16,0,paperA_corr_cal,none,-,-,-,p0.1|n10,wape,32.086848075351625,6,6
iter03b_quick,0,bstar_2023,HP_Peak,16,0,paperA_corr_cal,none,-,-,-,p0.1|n10,rmse,2.2977836376371785,6,6
iter03b_quick,0,bstar_2023,HP_Peak,16,0,paperA_corr_cal,none,-,-,-,p0.1|n10,mae,1.9271887178364635,6,6
iter03b_quick,0,bstar_2023,HP_Peak,16,0,paperA_corr_cal,none,-,-,-,p0.1|n10,mape,30.984228378708234,6,6
iter03b_quick,0,bstar_2023,HP_Peak,16,0,paperA_corr_cal,none,-,-,-,p0.1|n10,r2,-0.7750564434710414,6,6
iter03b_quick,0,bstar_2023,HP_Peak,16,0,paperA_corr_cal,none,-,-,-,p0.1|n10,n_pred_nan,0.0,6,6
iter03b_quick,0,bstar_2023,HP_Peak,16,0,paperA_corr_cal,none,-,-,-,p0.1|n10,mape_n_excluded,0.0,6,6
iter03b_quick,0,bstar_2023,HP_Peak,16,0,paperA_corr_cal,none,-,-,-,p0.2|n10,wape,37.945780145890886,6,9
iter03b_quick,0,bstar_2023,HP_Peak,16,0,paperA_corr_cal,none,-,-,-,p0.2|n10,rmse,6.66437775759799,6,9
iter03b_quick,0,bstar_2023,HP_Peak,16,0,paperA_corr_cal,none,-,-,-,p0.2|n10,mae,5.110990742663556,6,9
iter03b_quick,0,bstar_2023,HP_Peak,16,0,paperA_corr_cal,none,-,-,-,p0.2|n10,mape,41.34041543954146,6,9
iter03b_quick,0,bstar_2023,HP_Peak,16,0,paperA_corr_cal,none,-,-,-,p0.2|n10,r2,-1.1722917859469413,6,9
iter03b_quick,0,bstar_2023,HP_Peak,16,0,paperA_corr_cal,none,-,-,-,p0.2|n10,n_pred_nan,0.0,6,9
iter03b_quick,0,bstar_2023,HP_Peak,16,0,paperA_corr_cal,none,-,-,-,p0.2|n10,mape_n_excluded,0.0,6,9
iter03b_quick,0,bstar_2023,HP_Peak,16,0,paperA_corr_cal,none,-,-,-,p0.3|n10,wape,16.287199380780773,6,12
iter03b_quick,0,bstar_2023,HP_Peak,16,0,paperA_corr_cal,none,-,-,-,p0.3|n10,rmse,4.914417947829712,6,12
iter03b_quick,0,bstar_2023,HP_Peak,16,0,paperA_corr_cal,none,-,-,-,p0.3|n10,mae,3.535226856683067,6,12
iter03b_quick,0,bstar_2023,HP_Peak,16,0,paperA_corr_cal,none,-,-,-,p0.3|n10,mape,14.637158065948649,6,12
iter03b_quick,0,bstar_2023,HP_Peak,16,0,paperA_corr_cal,none,-,-,-,p0.3|n10,r2,-0.4033287843864555,6,12
iter03b_quick,0,bstar_2023,HP_Peak,16,0,paperA_corr_cal,none,-,-,-,p0.3|n10,n_pred_nan,0.0,6,12
iter03b_quick,0,bstar_2023,HP_Peak,16,0,paperA_corr_cal,none,-,-,-,p0.3|n10,mape_n_excluded,0.0,6,12
iter03b_quick,0,bstar_2023,HP_Peak,16,0,paperA_corr_cal,none,-,-,-,p0.5|n10,wape,8.316930291915558,3,11
iter03b_quick,0,bstar_2023,HP_Peak,16,0,paperA_corr_cal,none,-,-,-,p0.5|n10,rmse,4.9670659705845015,3,11
iter03b_quick,0,bstar_2023,HP_Peak,16,0,paperA_corr_cal,none,-,-,-,p0.5|n10,mae,3.662232284210954,3,11
iter03b_quick,0,bstar_2023,HP_Peak,16,0,paperA_corr_cal,none,-,-,-,p0.5|n10,mape,7.361697771564183,3,11
iter03b_quick,0,bstar_2023,HP_Peak,16,0,paperA_corr_cal,none,-,-,-,p0.5|n10,r2,0.5348767697590651,3,11
iter03b_quick,0,bstar_2023,HP_Peak,16,0,paperA_corr_cal,none,-,-,-,p0.5|n10,n_pred_nan,0.0,3,11
iter03b_quick,0,bstar_2023,HP_Peak,16,0,paperA_corr_cal,none,-,-,-,p0.5|n10,mape_n_excluded,0.0,3,11
iter03b_quick,0,bstar_2023,HP_Peak,16,0,paperA_corr_cal,none,-,-,-,p1.0|n10,wape,13.61034436630042,3,16
iter03b_quick,0,bstar_2023,HP_Peak,16,0,paperA_corr_cal,none,-,-,-,p1.0|n10,rmse,11.847547687987218,3,16
iter03b_quick,0,bstar_2023,HP_Peak,16,0,paperA_corr_cal,none,-,-,-,p1.0|n10,mae,10.906941989603157,3,16
iter03b_quick,0,bstar_2023,HP_Peak,16,0,paperA_corr_cal,none,-,-,-,p1.0|n10,mape,14.170423157067203,3,16
iter03b_quick,0,bstar_2023,HP_Peak,16,0,paperA_corr_cal,none,-,-,-,p1.0|n10,r2,-1.860295520610033,3,16
iter03b_quick,0,bstar_2023,HP_Peak,16,0,paperA_corr_cal,none,-,-,-,p1.0|n10,n_pred_nan,0.0,3,16
iter03b_quick,0,bstar_2023,HP_Peak,16,0,paperA_corr_cal,none,-,-,-,p1.0|n10,mape_n_excluded,0.0,3,16
iter03b_quick,0,bstar_2023,HP_Peak,16,0,Ridge,size_peak,netfit,direct,log,all,wape,26.990405499092034,30,20
iter03b_quick,0,bstar_2023,HP_Peak,16,0,Ridge,size_peak,netfit,direct,log,all,rmse,7.719601018843909,30,20
iter03b_quick,0,bstar_2023,HP_Peak,16,0,Ridge,size_peak,netfit,direct,log,all,mae,5.903002203370719,30,20
iter03b_quick,0,bstar_2023,HP_Peak,16,0,Ridge,size_peak,netfit,direct,log,all,mape,31.820886779377943,30,20
iter03b_quick,0,bstar_2023,HP_Peak,16,0,Ridge,size_peak,netfit,direct,log,all,r2,0.8858083578782625,30,20
iter03b_quick,0,bstar_2023,HP_Peak,16,0,Ridge,size_peak,netfit,direct,log,all,n_pred_nan,0.0,30,20
iter03b_quick,0,bstar_2023,HP_Peak,16,0,Ridge,size_peak,netfit,direct,log,all,mape_n_excluded,0.0,30,20
iter03b_quick,0,bstar_2023,HP_Peak,16,0,Ridge,size_peak,netfit,direct,log,pbin<=15,wape,33.336240320263066,12,7
iter03b_quick,0,bstar_2023,HP_Peak,16,0,Ridge,size_peak,netfit,direct,log,pbin<=15,rmse,2.320608549375367,12,7
iter03b_quick,0,bstar_2023,HP_Peak,16,0,Ridge,size_peak,netfit,direct,log,pbin<=15,mae,2.015786002799367,12,7
iter03b_quick,0,bstar_2023,HP_Peak,16,0,Ridge,size_peak,netfit,direct,log,pbin<=15,mape,34.021040199388054,12,7
iter03b_quick,0,bstar_2023,HP_Peak,16,0,Ridge,size_peak,netfit,direct,log,pbin<=15,r2,-0.763260784561332,12,7
iter03b_quick,0,bstar_2023,HP_Peak,16,0,Ridge,size_peak,netfit,direct,log,pbin<=15,n_pred_nan,0.0,12,7
iter03b_quick,0,bstar_2023,HP_Peak,16,0,Ridge,size_peak,netfit,direct,log,pbin<=15,mape_n_excluded,0.0,12,7
iter03b_quick,0,bstar_2023,HP_Peak,16,0,Ridge,size_peak,netfit,direct,log,pbin15-35,wape,36.5494784686973,12,15
iter03b_quick,0,bstar_2023,HP_Peak,16,0,Ridge,size_peak,netfit,direct,log,pbin15-35,rmse,7.387370194208855,12,15
iter03b_quick,0,bstar_2023,HP_Peak,16,0,Ridge,size_peak,netfit,direct,log,pbin15-35,mae,6.428093473339316,12,15
iter03b_quick,0,bstar_2023,HP_Peak,16,0,Ridge,size_peak,netfit,direct,log,pbin15-35,mape,34.530016388744414,12,15
iter03b_quick,0,bstar_2023,HP_Peak,16,0,Ridge,size_peak,netfit,direct,log,pbin15-35,r2,-0.5249326190206811,12,15
iter03b_quick,0,bstar_2023,HP_Peak,16,0,Ridge,size_peak,netfit,direct,log,pbin15-35,n_pred_nan,0.0,12,15
iter03b_quick,0,bstar_2023,HP_Peak,16,0,Ridge,size_peak,netfit,direct,log,pbin15-35,mape_n_excluded,0.0,12,15
iter03b_quick,0,bstar_2023,HP_Peak,16,0,Ridge,size_peak,netfit,direct,log,pbin35-65,wape,24.669834456074717,3,11
iter03b_quick,0,bstar_2023,HP_Peak,16,0,Ridge,size_peak,netfit,direct,log,pbin35-65,rmse,10.891439911557171,3,11
iter03b_quick,0,bstar_2023,HP_Peak,16,0,Ridge,size_peak,netfit,direct,log,pbin35-65,mae,10.862982016213088,3,11
iter03b_quick,0,bstar_2023,HP_Peak,16,0,Ridge,size_peak,netfit,direct,log,pbin35-65,mape,25.37871302146941,3,11
iter03b_quick,0,bstar_2023,HP_Peak,16,0,Ridge,size_peak,netfit,direct,log,pbin35-65,r2,-1.2363448509316286,3,11
iter03b_quick,0,bstar_2023,HP_Peak,16,0,Ridge,size_peak,netfit,direct,log,pbin35-65,n_pred_nan,0.0,3,11
iter03b_quick,0,bstar_2023,HP_Peak,16,0,Ridge,size_peak,netfit,direct,log,pbin35-65,mape_n_excluded,0.0,3,11
iter03b_quick,0,bstar_2023,HP_Peak,16,0,Ridge,size_peak,netfit,direct,log,pbin>65,wape,17.958614990255313,3,16
iter03b_quick,0,bstar_2023,HP_Peak,16,0,Ridge,size_peak,netfit,direct,log,pbin>65,rmse,15.409902201228306,3,16
iter03b_quick,0,bstar_2023,HP_Peak,16,0,Ridge,size_peak,netfit,direct,log,pbin>65,mae,14.391522112939375,3,16
iter03b_quick,0,bstar_2023,HP_Peak,16,0,Ridge,size_peak,netfit,direct,log,pbin>65,mape,18.62592841978026,3,16
iter03b_quick,0,bstar_2023,HP_Peak,16,0,Ridge,size_peak,netfit,direct,log,pbin>65,r2,-3.838979029208484,3,16
iter03b_quick,0,bstar_2023,HP_Peak,16,0,Ridge,size_peak,netfit,direct,log,pbin>65,n_pred_nan,0.0,3,16
iter03b_quick,0,bstar_2023,HP_Peak,16,0,Ridge,size_peak,netfit,direct,log,pbin>65,mape_n_excluded,0.0,3,16
iter03b_quick,0,bstar_2023,HP_Peak,16,0,Ridge,size_peak,netfit,direct,log,p0.05|n10,wape,36.99109389665653,6,5
iter03b_quick,0,bstar_2023,HP_Peak,16,0,Ridge,size_peak,netfit,direct,log,p0.05|n10,rmse,2.5391036685966157,6,5
iter03b_quick,0,bstar_2023,HP_Peak,16,0,Ridge,size_peak,netfit,direct,log,p0.05|n10,mae,2.251831854529797,6,5
iter03b_quick,0,bstar_2023,HP_Peak,16,0,Ridge,size_peak,netfit,direct,log,p0.05|n10,mape,35.71858038810028,6,5
iter03b_quick,0,bstar_2023,HP_Peak,16,0,Ridge,size_peak,netfit,direct,log,p0.05|n10,r2,-1.0594290847542012,6,5
iter03b_quick,0,bstar_2023,HP_Peak,16,0,Ridge,size_peak,netfit,direct,log,p0.05|n10,n_pred_nan,0.0,6,5
iter03b_quick,0,bstar_2023,HP_Peak,16,0,Ridge,size_peak,netfit,direct,log,p0.05|n10,mape_n_excluded,0.0,6,5
iter03b_quick,0,bstar_2023,HP_Peak,16,0,Ridge,size_peak,netfit,direct,log,p0.1|n10,wape,29.63189401869373,6,6
iter03b_quick,0,bstar_2023,HP_Peak,16,0,Ridge,size_peak,netfit,direct,log,p0.1|n10,rmse,2.0792788747513646,6,6
iter03b_quick,0,bstar_2023,HP_Peak,16,0,Ridge,size_peak,netfit,direct,log,p0.1|n10,mae,1.7797401510689372,6,6
iter03b_quick,0,bstar_2023,HP_Peak,16,0,Ridge,size_peak,netfit,direct,log,p0.1|n10,mape,32.32350001067583,6,6
iter03b_quick,0,bstar_2023,HP_Peak,16,0,Ridge,size_peak,netfit,direct,log,p0.1|n10,r2,-0.4535145540024079,6,6
iter03b_quick,0,bstar_2023,HP_Peak,16,0,Ridge,size_peak,netfit,direct,log,p0.1|n10,n_pred_nan,0.0,6,6
iter03b_quick,0,bstar_2023,HP_Peak,16,0,Ridge,size_peak,netfit,direct,log,p0.1|n10,mape_n_excluded,0.0,6,6
iter03b_quick,0,bstar_2023,HP_Peak,16,0,Ridge,size_peak,netfit,direct,log,p0.2|n10,wape,34.606140747713994,6,9
iter03b_quick,0,bstar_2023,HP_Peak,16,0,Ridge,size_peak,netfit,direct,log,p0.2|n10,rmse,5.8942769090823965,6,9
iter03b_quick,0,bstar_2023,HP_Peak,16,0,Ridge,size_peak,netfit,direct,log,p0.2|n10,mae,4.661168233222675,6,9
iter03b_quick,0,bstar_2023,HP_Peak,16,0,Ridge,size_peak,netfit,direct,log,p0.2|n10,mape,31.06973622780084,6,9
iter03b_quick,0,bstar_2023,HP_Peak,16,0,Ridge,size_peak,netfit,direct,log,p0.2|n10,r2,-0.6992607152996426,6,9
iter03b_quick,0,bstar_2023,HP_Peak,16,0,Ridge,size_peak,netfit,direct,log,p0.2|n10,n_pred_nan,0.0,6,9
iter03b_quick,0,bstar_2023,HP_Peak,16,0,Ridge,size_peak,netfit,direct,log,p0.2|n10,mape_n_excluded,0.0,6,9
iter03b_quick,0,bstar_2023,HP_Peak,16,0,Ridge,size_peak,netfit,direct,log,p0.3|n10,wape,37.755399901130765,6,12
iter03b_quick,0,bstar_2023,HP_Peak,16,0,Ridge,size_peak,netfit,direct,log,p0.3|n10,rmse,8.625773964788833,6,12
iter03b_quick,0,bstar_2023,HP_Peak,16,0,Ridge,size_peak,netfit,direct,log,p0.3|n10,mae,8.195018713455955,6,12
iter03b_quick,0,bstar_2023,HP_Peak,16,0,Ridge,size_peak,netfit,direct,log,p0.3|n10,mape,37.99029654968799,6,12
iter03b_quick,0,bstar_2023,HP_Peak,16,0,Ridge,size_peak,netfit,direct,log,p0.3|n10,r2,-3.323260484952474,6,12
iter03b_quick,0,bstar_2023,HP_Peak,16,0,Ridge,size_peak,netfit,direct,log,p0.3|n10,n_pred_nan,0.0,6,12
iter03b_quick,0,bstar_2023,HP_Peak,16,0,Ridge,size_peak,netfit,direct,log,p0.3|n10,mape_n_excluded,0.0,6,12
iter03b_quick,0,bstar_2023,HP_Peak,16,0,Ridge,size_peak,netfit,direct,log,p0.5|n10,wape,24.669834456074717,3,11
iter03b_quick,0,bstar_2023,HP_Peak,16,0,Ridge,size_peak,netfit,direct,log,p0.5|n10,rmse,10.891439911557171,3,11
iter03b_quick,0,bstar_2023,HP_Peak,16,0,Ridge,size_peak,netfit,direct,log,p0.5|n10,mae,10.862982016213088,3,11
iter03b_quick,0,bstar_2023,HP_Peak,16,0,Ridge,size_peak,netfit,direct,log,p0.5|n10,mape,25.37871302146941,3,11
iter03b_quick,0,bstar_2023,HP_Peak,16,0,Ridge,size_peak,netfit,direct,log,p0.5|n10,r2,-1.2363448509316286,3,11
iter03b_quick,0,bstar_2023,HP_Peak,16,0,Ridge,size_peak,netfit,direct,log,p0.5|n10,n_pred_nan,0.0,3,11
iter03b_quick,0,bstar_2023,HP_Peak,16,0,Ridge,size_peak,netfit,direct,log,p0.5|n10,mape_n_excluded,0.0,3,11
iter03b_quick,0,bstar_2023,HP_Peak,16,0,Ridge,size_peak,netfit,direct,log,p1.0|n10,wape,17.958614990255313,3,16
iter03b_quick,0,bstar_2023,HP_Peak,16,0,Ridge,size_peak,netfit,direct,log,p1.0|n10,rmse,15.409902201228306,3,16
iter03b_quick,0,bstar_2023,HP_Peak,16,0,Ridge,size_peak,netfit,direct,log,p1.0|n10,mae,14.391522112939375,3,16
iter03b_quick,0,bstar_2023,HP_Peak,16,0,Ridge,size_peak,netfit,direct,log,p1.0|n10,mape,18.62592841978026,3,16
iter03b_quick,0,bstar_2023,HP_Peak,16,0,Ridge,size_peak,netfit,direct,log,p1.0|n10,r2,-3.838979029208484,3,16
iter03b_quick,0,bstar_2023,HP_Peak,16,0,Ridge,size_peak,netfit,direct,log,p1.0|n10,n_pred_nan,0.0,3,16
iter03b_quick,0,bstar_2023,HP_Peak,16,0,Ridge,size_peak,netfit,direct,log,p1.0|n10,mape_n_excluded,0.0,3,16
iter03b_quick,0,bstar_2023,HP_Peak,16,0,Ridge,size_peak,netfit,residual,log,all,wape,25.0918386722161,30,20
iter03b_quick,0,bstar_2023,HP_Peak,16,0,Ridge,size_peak,netfit,residual,log,all,rmse,8.60420702672068,30,20
iter03b_quick,0,bstar_2023,HP_Peak,16,0,Ridge,size_peak,netfit,residual,log,all,mae,5.4877715332471375,30,20
iter03b_quick,0,bstar_2023,HP_Peak,16,0,Ridge,size_peak,netfit,residual,log,all,mape,26.23705112810372,30,20
iter03b_quick,0,bstar_2023,HP_Peak,16,0,Ridge,size_peak,netfit,residual,log,all,r2,0.8581379237736638,30,20
iter03b_quick,0,bstar_2023,HP_Peak,16,0,Ridge,size_peak,netfit,residual,log,all,n_pred_nan,0.0,30,20
iter03b_quick,0,bstar_2023,HP_Peak,16,0,Ridge,size_peak,netfit,residual,log,all,mape_n_excluded,0.0,30,20
iter03b_quick,0,bstar_2023,HP_Peak,16,0,Ridge,size_peak,netfit,residual,log,all,n_invalid,0.0,30,20
iter03b_quick,0,bstar_2023,HP_Peak,16,0,Ridge,size_peak,netfit,residual,log,all,n_resid_excluded_train,0.0,30,20
iter03b_quick,0,bstar_2023,HP_Peak,16,0,Ridge,size_peak,netfit,residual,log,all,n_resid_excluded_inner,0.0,30,20
iter03b_quick,0,bstar_2023,HP_Peak,16,0,Ridge,size_peak,netfit,residual,log,pbin<=15,wape,31.841479886388647,12,7
iter03b_quick,0,bstar_2023,HP_Peak,16,0,Ridge,size_peak,netfit,residual,log,pbin<=15,rmse,2.5476000886928567,12,7
iter03b_quick,0,bstar_2023,HP_Peak,16,0,Ridge,size_peak,netfit,residual,log,pbin<=15,mae,1.9254003704906488,12,7
iter03b_quick,0,bstar_2023,HP_Peak,16,0,Ridge,size_peak,netfit,residual,log,pbin<=15,mape,28.90742739690377,12,7
iter03b_quick,0,bstar_2023,HP_Peak,16,0,Ridge,size_peak,netfit,residual,log,pbin<=15,r2,-1.125079998347338,12,7
iter03b_quick,0,bstar_2023,HP_Peak,16,0,Ridge,size_peak,netfit,residual,log,pbin<=15,n_pred_nan,0.0,12,7
iter03b_quick,0,bstar_2023,HP_Peak,16,0,Ridge,size_peak,netfit,residual,log,pbin<=15,mape_n_excluded,0.0,12,7
iter03b_quick,0,bstar_2023,HP_Peak,16,0,Ridge,size_peak,netfit,residual,log,pbin15-35,wape,24.26393923080452,12,15
iter03b_quick,0,bstar_2023,HP_Peak,16,0,Ridge,size_peak,netfit,residual,log,pbin15-35,rmse,5.639076805614545,12,15
iter03b_quick,0,bstar_2023,HP_Peak,16,0,Ridge,size_peak,netfit,residual,log,pbin15-35,mae,4.267389739654345,12,15
iter03b_quick,0,bstar_2023,HP_Peak,16,0,Ridge,size_peak,netfit,residual,log,pbin15-35,mape,25.38392270695352,12,15
iter03b_quick,0,bstar_2023,HP_Peak,16,0,Ridge,size_peak,netfit,residual,log,pbin15-35,r2,0.1114396124652503,12,15
iter03b_quick,0,bstar_2023,HP_Peak,16,0,Ridge,size_peak,netfit,residual,log,pbin15-35,n_pred_nan,0.0,12,15
iter03b_quick,0,bstar_2023,HP_Peak,16,0,Ridge,size_peak,netfit,residual,log,pbin15-35,mape_n_excluded,0.0,12,15
iter03b_quick,0,bstar_2023,HP_Peak,16,0,Ridge,size_peak,netfit,residual,log,pbin35-65,wape,17.48138329846122,3,11
iter03b_quick,0,bstar_2023,HP_Peak,16,0,Ridge,size_peak,netfit,residual,log,pbin35-65,rmse,8.434236431616231,3,11
iter03b_quick,0,bstar_2023,HP_Peak,16,0,Ridge,size_peak,netfit,residual,log,pbin35-65,mae,7.697658155259774,3,11
iter03b_quick,0,bstar_2023,HP_Peak,16,0,Ridge,size_peak,netfit,residual,log,pbin35-65,mape,16.743640112755894,3,11
iter03b_quick,0,bstar_2023,HP_Peak,16,0,Ridge,size_peak,netfit,residual,log,pbin35-65,r2,-0.3410955349149378,3,11
iter03b_quick,0,bstar_2023,HP_Peak,16,0,Ridge,size_peak,netfit,residual,log,pbin35-65,n_pred_nan,0.0,3,11
iter03b_quick,0,bstar_2023,HP_Peak,16,0,Ridge,size_peak,netfit,residual,log,pbin35-65,mape_n_excluded,0.0,3,11
iter03b_quick,0,bstar_2023,HP_Peak,16,0,Ridge,size_peak,netfit,residual,log,pbin>65,wape,27.96318177406196,3,16
iter03b_quick,0,bstar_2023,HP_Peak,16,0,Ridge,size_peak,netfit,residual,log,pbin>65,rmse,22.71628551669884,3,16
iter03b_quick,0,bstar_2023,HP_Peak,16,0,Ridge,size_peak,netfit,residual,log,pbin>65,mae,22.40889673663162,3,16
iter03b_quick,0,bstar_2023,HP_Peak,16,0,Ridge,size_peak,netfit,residual,log,pbin>65,mape,28.461470752852243,3,16
iter03b_quick,0,bstar_2023,HP_Peak,16,0,Ridge,size_peak,netfit,residual,log,pbin>65,r2,-9.515468149021624,3,16
iter03b_quick,0,bstar_2023,HP_Peak,16,0,Ridge,size_peak,netfit,residual,log,pbin>65,n_pred_nan,0.0,3,16
iter03b_quick,0,bstar_2023,HP_Peak,16,0,Ridge,size_peak,netfit,residual,log,pbin>65,mape_n_excluded,0.0,3,16
iter03b_quick,0,bstar_2023,HP_Peak,16,0,Ridge,size_peak,netfit,residual,log,p0.05|n10,wape,36.28416839981236,6,5
iter03b_quick,0,bstar_2023,HP_Peak,16,0,Ridge,size_peak,netfit,residual,log,p0.05|n10,rmse,3.0127523722218967,6,5
iter03b_quick,0,bstar_2023,HP_Peak,16,0,Ridge,size_peak,netfit,residual,log,p0.05|n10,mae,2.208797783760754,6,5
iter03b_quick,0,bstar_2023,HP_Peak,16,0,Ridge,size_peak,netfit,residual,log,p0.05|n10,mape,30.909579857967618,6,5
iter03b_quick,0,bstar_2023,HP_Peak,16,0,Ridge,size_peak,netfit,residual,log,p0.05|n10,r2,-1.8994314816433588,6,5
iter03b_quick,0,bstar_2023,HP_Peak,16,0,Ridge,size_peak,netfit,residual,log,p0.05|n10,n_pred_nan,0.0,6,5
iter03b_quick,0,bstar_2023,HP_Peak,16,0,Ridge,size_peak,netfit,residual,log,p0.05|n10,mape_n_excluded,0.0,6,5
iter03b_quick,0,bstar_2023,HP_Peak,16,0,Ridge,size_peak,netfit,residual,log,p0.1|n10,wape,27.33863006771946,6,6
iter03b_quick,0,bstar_2023,HP_Peak,16,0,Ridge,size_peak,netfit,residual,log,p0.1|n10,rmse,1.975817695914033,6,6
iter03b_quick,0,bstar_2023,HP_Peak,16,0,Ridge,size_peak,netfit,residual,log,p0.1|n10,mae,1.6420029572205426,6,6
iter03b_quick,0,bstar_2023,HP_Peak,16,0,Ridge,size_peak,netfit,residual,log,p0.1|n10,mape,26.90527493583993,6,6
iter03b_quick,0,bstar_2023,HP_Peak,16,0,Ridge,size_peak,netfit,residual,log,p0.1|n10,r2,-0.312464737340389,6,6
iter03b_quick,0,bstar_2023,HP_Peak,16,0,Ridge,size_peak,netfit,residual,log,p0.1|n10,n_pred_nan,0.0,6,6
iter03b_quick,0,bstar_2023,HP_Peak,16,0,Ridge,size_peak,netfit,residual,log,p0.1|n10,mape_n_excluded,0.0,6,6
iter03b_quick,0,bstar_2023,HP_Peak,16,0,Ridge,size_peak,netfit,residual,log,p0.2|n10,wape,32.55253409858876,6,9
iter03b_quick,0,bstar_2023,HP_Peak,16,0,Ridge,size_peak,netfit,residual,log,p0.2|n10,rmse,5.946874891393529,6,9
iter03b_quick,0,bstar_2023,HP_Peak,16,0,Ridge,size_peak,netfit,residual,log,p0.2|n10,mae,4.384563969655097,6,9
iter03b_quick,0,bstar_2023,HP_Peak,16,0,Ridge,size_peak,netfit,residual,log,p0.2|n10,mape,31.32490000019425,6,9
iter03b_quick,0,bstar_2023,HP_Peak,16,0,Ridge,size_peak,netfit,residual,log,p0.2|n10,r2,-0.7297229655015216,6,9
iter03b_quick,0,bstar_2023,HP_Peak,16,0,Ridge,size_peak,netfit,residual,log,p0.2|n10,n_pred_nan,0.0,6,9
iter03b_quick,0,bstar_2023,HP_Peak,16,0,Ridge,size_peak,netfit,residual,log,p0.2|n10,mape_n_excluded,0.0,6,9
iter03b_quick,0,bstar_2023,HP_Peak,16,0,Ridge,size_peak,netfit,residual,log,p0.3|n10,wape,19.120523298569385,6,12
iter03b_quick,0,bstar_2023,HP_Peak,16,0,Ridge,size_peak,netfit,residual,log,p0.3|n10,rmse,5.313478471336183,6,12
iter03b_quick,0,bstar_2023,HP_Peak,16,0,Ridge,size_peak,netfit,residual,log,p0.3|n10,mae,4.150215509653595,6,12
iter03b_quick,0,bstar_2023,HP_Peak,16,0,Ridge,size_peak,netfit,residual,log,p0.3|n10,mape,19.442945413712778,6,12
iter03b_quick,0,bstar_2023,HP_Peak,16,0,Ridge,size_peak,netfit,residual,log,p0.3|n10,r2,-0.6404881858706073,6,12
iter03b_quick,0,bstar_2023,HP_Peak,16,0,Ridge,size_peak,netfit,residual,log,p0.3|n10,n_pred_nan,0.0,6,12
iter03b_quick,0,bstar_2023,HP_Peak,16,0,Ridge,size_peak,netfit,residual,log,p0.3|n10,mape_n_excluded,0.0,6,12
iter03b_quick,0,bstar_2023,HP_Peak,16,0,Ridge,size_peak,netfit,residual,log,p0.5|n10,wape,17.48138329846122,3,11
iter03b_quick,0,bstar_2023,HP_Peak,16,0,Ridge,size_peak,netfit,residual,log,p0.5|n10,rmse,8.434236431616231,3,11
iter03b_quick,0,bstar_2023,HP_Peak,16,0,Ridge,size_peak,netfit,residual,log,p0.5|n10,mae,7.697658155259774,3,11
iter03b_quick,0,bstar_2023,HP_Peak,16,0,Ridge,size_peak,netfit,residual,log,p0.5|n10,mape,16.743640112755894,3,11
iter03b_quick,0,bstar_2023,HP_Peak,16,0,Ridge,size_peak,netfit,residual,log,p0.5|n10,r2,-0.3410955349149378,3,11
iter03b_quick,0,bstar_2023,HP_Peak,16,0,Ridge,size_peak,netfit,residual,log,p0.5|n10,n_pred_nan,0.0,3,11
iter03b_quick,0,bstar_2023,HP_Peak,16,0,Ridge,size_peak,netfit,residual,log,p0.5|n10,mape_n_excluded,0.0,3,11
iter03b_quick,0,bstar_2023,HP_Peak,16,0,Ridge,size_peak,netfit,residual,log,p1.0|n10,wape,27.96318177406196,3,16
iter03b_quick,0,bstar_2023,HP_Peak,16,0,Ridge,size_peak,netfit,residual,log,p1.0|n10,rmse,22.71628551669884,3,16
iter03b_quick,0,bstar_2023,HP_Peak,16,0,Ridge,size_peak,netfit,residual,log,p1.0|n10,mae,22.40889673663162,3,16
iter03b_quick,0,bstar_2023,HP_Peak,16,0,Ridge,size_peak,netfit,residual,log,p1.0|n10,mape,28.461470752852243,3,16
iter03b_quick,0,bstar_2023,HP_Peak,16,0,Ridge,size_peak,netfit,residual,log,p1.0|n10,r2,-9.515468149021624,3,16
iter03b_quick,0,bstar_2023,HP_Peak,16,0,Ridge,size_peak,netfit,residual,log,p1.0|n10,n_pred_nan,0.0,3,16
iter03b_quick,0,bstar_2023,HP_Peak,16,0,Ridge,size_peak,netfit,residual,log,p1.0|n10,mape_n_excluded,0.0,3,16
iter03b_quick,0,bstar_2023,HP_Peak,16,0,anchor_only_Linear,size+peak,-,direct,none,all,wape,22.768339093967025,30,20
iter03b_quick,0,bstar_2023,HP_Peak,16,0,anchor_only_Linear,size+peak,-,direct,none,all,rmse,6.291351185440252,30,20
iter03b_quick,0,bstar_2023,HP_Peak,16,0,anchor_only_Linear,size+peak,-,direct,none,all,mae,4.979604913431194,30,20
iter03b_quick,0,bstar_2023,HP_Peak,16,0,anchor_only_Linear,size+peak,-,direct,none,all,mape,49.34294073387928,30,20
iter03b_quick,0,bstar_2023,HP_Peak,16,0,anchor_only_Linear,size+peak,-,direct,none,all,r2,0.9241540377663108,30,20
iter03b_quick,0,bstar_2023,HP_Peak,16,0,anchor_only_Linear,size+peak,-,direct,none,all,n_pred_nan,0.0,30,20
iter03b_quick,0,bstar_2023,HP_Peak,16,0,anchor_only_Linear,size+peak,-,direct,none,all,mape_n_excluded,0.0,30,20
iter03b_quick,0,bstar_2023,HP_Peak,16,0,anchor_only_Linear,size+peak,-,direct,none,pbin<=15,wape,72.04243189140372,12,7
iter03b_quick,0,bstar_2023,HP_Peak,16,0,anchor_only_Linear,size+peak,-,direct,none,pbin<=15,rmse,5.661027061448904,12,7
iter03b_quick,0,bstar_2023,HP_Peak,16,0,anchor_only_Linear,size+peak,-,direct,none,pbin<=15,mae,4.35628386462185,12,7
iter03b_quick,0,bstar_2023,HP_Peak,16,0,anchor_only_Linear,size+peak,-,direct,none,pbin<=15,mape,80.04302741869577,12,7
iter03b_quick,0,bstar_2023,HP_Peak,16,0,anchor_only_Linear,size+peak,-,direct,none,pbin<=15,r2,-9.493086062479009,12,7
iter03b_quick,0,bstar_2023,HP_Peak,16,0,anchor_only_Linear,size+peak,-,direct,none,pbin<=15,n_pred_nan,0.0,12,7
iter03b_quick,0,bstar_2023,HP_Peak,16,0,anchor_only_Linear,size+peak,-,direct,none,pbin<=15,mape_n_excluded,0.0,12,7
iter03b_quick,0,bstar_2023,HP_Peak,16,0,anchor_only_Linear,size+peak,-,direct,none,pbin15-35,wape,33.06038680792772,12,15
iter03b_quick,0,bstar_2023,HP_Peak,16,0,anchor_only_Linear,size+peak,-,direct,none,pbin15-35,rmse,7.343432057213615,12,15
iter03b_quick,0,bstar_2023,HP_Peak,16,0,anchor_only_Linear,size+peak,-,direct,none,pbin15-35,mae,5.814453873756953,12,15
iter03b_quick,0,bstar_2023,HP_Peak,16,0,anchor_only_Linear,size+peak,-,direct,none,pbin15-35,mape,39.63479070757803,12,15
iter03b_quick,0,bstar_2023,HP_Peak,16,0,anchor_only_Linear,size+peak,-,direct,none,pbin15-35,r2,-0.506846767264512,12,15
iter03b_quick,0,bstar_2023,HP_Peak,16,0,anchor_only_Linear,size+peak,-,direct,none,pbin15-35,n_pred_nan,0.0,12,15
iter03b_quick,0,bstar_2023,HP_Peak,16,0,anchor_only_Linear,size+peak,-,direct,none,pbin15-35,mape_n_excluded,0.0,12,15
iter03b_quick,0,bstar_2023,HP_Peak,16,0,anchor_only_Linear,size+peak,-,direct,none,pbin35-65,wape,8.361560332066563,3,11
iter03b_quick,0,bstar_2023,HP_Peak,16,0,anchor_only_Linear,size+peak,-,direct,none,pbin35-65,rmse,4.506960648118175,3,11
iter03b_quick,0,bstar_2023,HP_Peak,16,0,anchor_only_Linear,size+peak,-,direct,none,pbin35-65,mae,3.681884435683898,3,11
iter03b_quick,0,bstar_2023,HP_Peak,16,0,anchor_only_Linear,size+peak,-,direct,none,pbin35-65,mape,7.81827466747268,3,11
iter03b_quick,0,bstar_2023,HP_Peak,16,0,anchor_only_Linear,size+peak,-,direct,none,pbin35-65,r2,0.6170556145628272,3,11
iter03b_quick,0,bstar_2023,HP_Peak,16,0,anchor_only_Linear,size+peak,-,direct,none,pbin35-65,n_pred_nan,0.0,3,11
iter03b_quick,0,bstar_2023,HP_Peak,16,0,anchor_only_Linear,size+peak,-,direct,none,pbin35-65,mape_n_excluded,0.0,3,11
iter03b_quick,0,bstar_2023,HP_Peak,16,0,anchor_only_Linear,size+peak,-,direct,none,pbin>65,wape,6.777398235768866,3,16
iter03b_quick,0,bstar_2023,HP_Peak,16,0,anchor_only_Linear,size+peak,-,direct,none,pbin>65,rmse,5.621869442119878,3,16
iter03b_quick,0,bstar_2023,HP_Peak,16,0,anchor_only_Linear,size+peak,-,direct,none,pbin>65,mae,5.431213745112828,3,16
iter03b_quick,0,bstar_2023,HP_Peak,16,0,anchor_only_Linear,size+peak,-,direct,none,pbin>65,mape,6.899860166225107,3,16
iter03b_quick,0,bstar_2023,HP_Peak,16,0,anchor_only_Linear,size+peak,-,direct,none,pbin>65,r2,0.3559560774908836,3,16
iter03b_quick,0,bstar_2023,HP_Peak,16,0,anchor_only_Linear,size+peak,-,direct,none,pbin>65,n_pred_nan,0.0,3,16
iter03b_quick,0,bstar_2023,HP_Peak,16,0,anchor_only_Linear,size+peak,-,direct,none,pbin>65,mape_n_excluded,0.0,3,16
iter03b_quick,0,bstar_2023,HP_Peak,16,0,anchor_only_Linear,size+peak,-,direct,none,p0.05|n10,wape,75.3844943169999,6,5
iter03b_quick,0,bstar_2023,HP_Peak,16,0,anchor_only_Linear,size+peak,-,direct,none,p0.05|n10,rmse,6.205643448856651,6,5
iter03b_quick,0,bstar_2023,HP_Peak,16,0,anchor_only_Linear,size+peak,-,direct,none,p0.05|n10,mae,4.58902908129419,6,5
iter03b_quick,0,bstar_2023,HP_Peak,16,0,anchor_only_Linear,size+peak,-,direct,none,p0.05|n10,mape,84.73399457292433,6,5
iter03b_quick,0,bstar_2023,HP_Peak,16,0,anchor_only_Linear,size+peak,-,direct,none,p0.05|n10,r2,-11.301543714842904,6,5
iter03b_quick,0,bstar_2023,HP_Peak,16,0,anchor_only_Linear,size+peak,-,direct,none,p0.05|n10,n_pred_nan,0.0,6,5
iter03b_quick,0,bstar_2023,HP_Peak,16,0,anchor_only_Linear,size+peak,-,direct,none,p0.05|n10,mape_n_excluded,0.0,6,5
iter03b_quick,0,bstar_2023,HP_Peak,16,0,anchor_only_Linear,size+peak,-,direct,none,p0.1|n10,wape,68.6551124469713,6,6
iter03b_quick,0,bstar_2023,HP_Peak,16,0,anchor_only_Linear,size+peak,-,direct,none,p0.1|n10,rmse,5.058106776905383,6,6
iter03b_quick,0,bstar_2023,HP_Peak,16,0,anchor_only_Linear,size+peak,-,direct,none,p0.1|n10,mae,4.123538647949512,6,6
iter03b_quick,0,bstar_2023,HP_Peak,16,0,anchor_only_Linear,size+peak,-,direct,none,p0.1|n10,mape,75.35206026446718,6,6
iter03b_quick,0,bstar_2023,HP_Peak,16,0,anchor_only_Linear,size+peak,-,direct,none,p0.1|n10,r2,-7.601414732845832,6,6
iter03b_quick,0,bstar_2023,HP_Peak,16,0,anchor_only_Linear,size+peak,-,direct,none,p0.1|n10,n_pred_nan,0.0,6,6
iter03b_quick,0,bstar_2023,HP_Peak,16,0,anchor_only_Linear,size+peak,-,direct,none,p0.1|n10,mape_n_excluded,0.0,6,6
iter03b_quick,0,bstar_2023,HP_Peak,16,0,anchor_only_Linear,size+peak,-,direct,none,p0.2|n10,wape,38.57595263246275,6,9
iter03b_quick,0,bstar_2023,HP_Peak,16,0,anchor_only_Linear,size+peak,-,direct,none,p0.2|n10,rmse,7.169538922649392,6,9
iter03b_quick,0,bstar_2023,HP_Peak,16,0,anchor_only_Linear,size+peak,-,direct,none,p0.2|n10,mae,5.195869897414545,6,9
iter03b_quick,0,bstar_2023,HP_Peak,16,0,anchor_only_Linear,size+peak,-,direct,none,p0.2|n10,mape,51.29806619042262,6,9
iter03b_quick,0,bstar_2023,HP_Peak,16,0,anchor_only_Linear,size+peak,-,direct,none,p0.2|n10,r2,-1.5140933607566858,6,9
iter03b_quick,0,bstar_2023,HP_Peak,16,0,anchor_only_Linear,size+peak,-,direct,none,p0.2|n10,n_pred_nan,0.0,6,9
iter03b_quick,0,bstar_2023,HP_Peak,16,0,anchor_only_Linear,size+peak,-,direct,none,p0.2|n10,mape_n_excluded,0.0,6,9
iter03b_quick,0,bstar_2023,HP_Peak,16,0,anchor_only_Linear,size+peak,-,direct,none,p0.3|n10,wape,29.63775008967431,6,12
iter03b_quick,0,bstar_2023,HP_Peak,16,0,anchor_only_Linear,size+peak,-,direct,none,p0.3|n10,rmse,7.513301564188714,6,12
iter03b_quick,0,bstar_2023,HP_Peak,16,0,anchor_only_Linear,size+peak,-,direct,none,p0.3|n10,mae,6.43303785009936,6,12
iter03b_quick,0,bstar_2023,HP_Peak,16,0,anchor_only_Linear,size+peak,-,direct,none,p0.3|n10,mape,27.97151522473344,6,12
iter03b_quick,0,bstar_2023,HP_Peak,16,0,anchor_only_Linear,size+peak,-,direct,none,p0.3|n10,r2,-2.280023066107879,6,12
iter03b_quick,0,bstar_2023,HP_Peak,16,0,anchor_only_Linear,size+peak,-,direct,none,p0.3|n10,n_pred_nan,0.0,6,12
iter03b_quick,0,bstar_2023,HP_Peak,16,0,anchor_only_Linear,size+peak,-,direct,none,p0.3|n10,mape_n_excluded,0.0,6,12
iter03b_quick,0,bstar_2023,HP_Peak,16,0,anchor_only_Linear,size+peak,-,direct,none,p0.5|n10,wape,8.361560332066563,3,11
iter03b_quick,0,bstar_2023,HP_Peak,16,0,anchor_only_Linear,size+peak,-,direct,none,p0.5|n10,rmse,4.506960648118175,3,11
iter03b_quick,0,bstar_2023,HP_Peak,16,0,anchor_only_Linear,size+peak,-,direct,none,p0.5|n10,mae,3.681884435683898,3,11
iter03b_quick,0,bstar_2023,HP_Peak,16,0,anchor_only_Linear,size+peak,-,direct,none,p0.5|n10,mape,7.81827466747268,3,11
iter03b_quick,0,bstar_2023,HP_Peak,16,0,anchor_only_Linear,size+peak,-,direct,none,p0.5|n10,r2,0.6170556145628272,3,11
iter03b_quick,0,bstar_2023,HP_Peak,16,0,anchor_only_Linear,size+peak,-,direct,none,p0.5|n10,n_pred_nan,0.0,3,11
iter03b_quick,0,bstar_2023,HP_Peak,16,0,anchor_only_Linear,size+peak,-,direct,none,p0.5|n10,mape_n_excluded,0.0,3,11
iter03b_quick,0,bstar_2023,HP_Peak,16,0,anchor_only_Linear,size+peak,-,direct,none,p1.0|n10,wape,6.777398235768866,3,16
iter03b_quick,0,bstar_2023,HP_Peak,16,0,anchor_only_Linear,size+peak,-,direct,none,p1.0|n10,rmse,5.621869442119878,3,16
iter03b_quick,0,bstar_2023,HP_Peak,16,0,anchor_only_Linear,size+peak,-,direct,none,p1.0|n10,mae,5.431213745112828,3,16
iter03b_quick,0,bstar_2023,HP_Peak,16,0,anchor_only_Linear,size+peak,-,direct,none,p1.0|n10,mape,6.899860166225107,3,16
iter03b_quick,0,bstar_2023,HP_Peak,16,0,anchor_only_Linear,size+peak,-,direct,none,p1.0|n10,r2,0.3559560774908836,3,16
iter03b_quick,0,bstar_2023,HP_Peak,16,0,anchor_only_Linear,size+peak,-,direct,none,p1.0|n10,n_pred_nan,0.0,3,16
iter03b_quick,0,bstar_2023,HP_Peak,16,0,anchor_only_Linear,size+peak,-,direct,none,p1.0|n10,mape_n_excluded,0.0,3,16
