split_seed,cap_def,n,lc_draw,pilot,b,m,T_h,cap,n_hh,s0,s_h
0,hp_peak,main,-1,all,0.029602968527652,0.0193142903907862,16.072928449254768,394.4159680000009,64,,
0,hp_peak,main,-1,Hg,0.0328689969206953,0.0186295750496195,15.87762187426026,61.553368000000006,12,,
0,hp_peak,main,-1,KLO,0.0293018249567582,0.0193328448245987,16.43993559801472,286.4047760000008,46,,
0,hp_peak,main,-1,s0:paperA_corr,,,18.442185204834125,,968,0.0054150162265612,5.241735707311336
0,hp_peak,main,-1,s0:paperA_corr_all,,,18.11463373724415,,1032,0.0061910487303796,6.389162289751772
0,hp_peak,main,-1,cf:fold0,,0.019908559961038,,,64,,
0,hp_peak,main,-1,cf:fold1,,0.019229662889055,,,64,,
0,hp_peak,main,-1,cf:fold2,,0.0190904070082115,,,64,,
0,hp_peak,main,-1,cf:fold3,,0.0191519047844753,,,64,,
0,hp_peak,16,0,all,0.0253568527474318,0.0207554266424475,16.015465072823865,95.66598800000054,16,,
0,hp_peak,16,0,KLO,0.0269760805554851,0.0206226117723655,16.080571417916186,87.98553200000053,14,,
0,hp_peak,16,0,s0:paperA_corr,,,18.442185204834125,,968,0.0054150162265612,5.241735707311336
0,hp_peak,16,0,s0:paperA_corr_all,,,18.44623388695805,,984,0.0054606729887782,5.373302220957783
0,hp_peak,16,0,cf:fold0,,0.0203214244623652,,,16,,
0,hp_peak,16,0,cf:fold1,,0.0211233234958904,,,16,,
0,hp_peak,16,0,cf:fold2,,0.0211950182183215,,,16,,
0,hp_peak,16,0,cf:fold3,,0.0207788729386079,,,16,,
