split_seed,method,seconds,n_substations,target,anchor,n_evals,n_inner,n_train
0,evaluate_members,0.0,1010.0,,,,,
0,XGBoost,68.83767914772034,,HP_Peak,none,50.0,420.0,460.0
0,Ridge,3.459808588027954,,HP_Peak,none,50.0,420.0,460.0
0,ElasticNet,66.26004433631897,,HP_Peak,none,50.0,420.0,460.0
0,SVR,17.794425010681152,,HP_Peak,none,50.0,420.0,460.0
0,PLS,11.104427099227903,,HP_Peak,none,50.0,420.0,460.0
0,XGBoost,198.8129756450653,,HP_Peak,size,50.0,420.0,460.0
0,Ridge,10.6738018989563,,HP_Peak,size,50.0,420.0,460.0
0,ElasticNet,89.7544174194336,,HP_Peak,size,50.0,420.0,460.0
0,SVR,6.379193305969238,,HP_Peak,size,50.0,420.0,460.0
0,PLS,3.1980743408203125,,HP_Peak,size,50.0,420.0,460.0
0,XGBoost,206.7104983329773,,HP_Peak,size_peak,50.0,420.0,460.0
0,Ridge,10.52943754196167,,HP_Peak,size_peak,50.0,420.0,460.0
0,ElasticNet,87.26117372512817,,HP_Peak,size_peak,50.0,420.0,460.0
0,SVR,9.826276063919067,,HP_Peak,size_peak,50.0,420.0,460.0
0,PLS,11.413985967636108,,HP_Peak,size_peak,50.0,420.0,460.0
0,anchor_only_Linear,0.0541441440582275,,HP_Peak,size,0.0,420.0,460.0
0,anchor_only_Linear,0.057706594467163,,HP_Peak,peak,0.0,420.0,460.0
0,anchor_only_Linear,0.0584526062011718,,HP_Peak,size+peak,0.0,420.0,460.0
0,anchor_only_XGBoost,9.08112645149231,,HP_Peak,size,50.0,420.0,460.0
0,anchor_only_XGBoost,6.954026222229004,,HP_Peak,peak,50.0,420.0,460.0
0,anchor_only_XGBoost,12.949966192245483,,HP_Peak,size+peak,50.0,420.0,460.0
1,evaluate_members,253.1101853847504,1010.0,,,,,
1,XGBoost,215.15928983688357,,HP_Peak,none,50.0,420.0,460.0
1,Ridge,3.481170654296875,,HP_Peak,none,50.0,420.0,460.0
1,ElasticNet,20.25580191612244,,HP_Peak,none,50.0,420.0,460.0
1,SVR,17.161055088043213,,HP_Peak,none,50.0,420.0,460.0
1,PLS,11.47621774673462,,HP_Peak,none,50.0,420.0,460.0
1,XGBoost,261.8743932247162,,HP_Peak,size,50.0,420.0,460.0
1,Ridge,4.676383972167969,,HP_Peak,size,50.0,420.0,460.0
1,ElasticNet,26.9461829662323,,HP_Peak,size,50.0,420.0,460.0
1,SVR,5.320228338241577,,HP_Peak,size,50.0,420.0,460.0
1,PLS,3.674994707107544,,HP_Peak,size,50.0,420.0,460.0
1,XGBoost,101.48425364494324,,HP_Peak,size_peak,50.0,420.0,460.0
1,Ridge,2.882870674133301,,HP_Peak,size_peak,50.0,420.0,460.0
1,ElasticNet,14.639307737350464,,HP_Peak,size_peak,50.0,420.0,460.0
1,SVR,5.132205486297607,,HP_Peak,size_peak,50.0,420.0,460.0
1,PLS,3.5077571868896484,,HP_Peak,size_peak,50.0,420.0,460.0
1,anchor_only_Linear,0.0198071002960205,,HP_Peak,size,0.0,420.0,460.0
1,anchor_only_Linear,0.0199575424194335,,HP_Peak,peak,0.0,420.0,460.0
1,anchor_only_Linear,0.0192487239837646,,HP_Peak,size+peak,0.0,420.0,460.0
1,anchor_only_XGBoost,28.88423156738281,,HP_Peak,size,50.0,420.0,460.0
1,anchor_only_XGBoost,38.30625343322754,,HP_Peak,peak,50.0,420.0,460.0
1,anchor_only_XGBoost,9.456308126449583,,HP_Peak,size+peak,50.0,420.0,460.0
2,evaluate_members,252.18423318862915,1010.0,,,,,
2,XGBoost,213.7245662212372,,HP_Peak,none,50.0,420.0,460.0
2,Ridge,3.6950273513793945,,HP_Peak,none,50.0,420.0,460.0
2,ElasticNet,19.99685430526733,,HP_Peak,none,50.0,420.0,460.0
2,SVR,17.576723337173462,,HP_Peak,none,50.0,420.0,460.0
2,PLS,11.027201414108276,,HP_Peak,none,50.0,420.0,460.0
2,XGBoost,220.56422185897827,,HP_Peak,size,50.0,420.0,460.0
2,Ridge,5.487539529800415,,HP_Peak,size,50.0,420.0,460.0
2,ElasticNet,59.49426484107971,,HP_Peak,size,50.0,420.0,460.0
2,SVR,6.658419609069824,,HP_Peak,size,50.0,420.0,460.0
2,PLS,3.1274094581604004,,HP_Peak,size,50.0,420.0,460.0
2,XGBoost,60.40833330154419,,HP_Peak,size_peak,50.0,420.0,460.0
2,Ridge,4.209959983825684,,HP_Peak,size_peak,50.0,420.0,460.0
2,ElasticNet,47.11110520362854,,HP_Peak,size_peak,50.0,420.0,460.0
2,SVR,6.062433242797852,,HP_Peak,size_peak,50.0,420.0,460.0
2,PLS,3.5198655128479004,,HP_Peak,size_peak,50.0,420.0,460.0
2,anchor_only_Linear,0.0163996219635009,,HP_Peak,size,0.0,420.0,460.0
2,anchor_only_Linear,0.0101716518402099,,HP_Peak,peak,0.0,420.0,460.0
2,anchor_only_Linear,0.0233864784240722,,HP_Peak,size+peak,0.0,420.0,460.0
2,anchor_only_XGBoost,6.300097703933716,,HP_Peak,size,50.0,420.0,460.0
2,anchor_only_XGBoost,6.736859321594238,,HP_Peak,peak,50.0,420.0,460.0
2,anchor_only_XGBoost,50.18048048019409,,HP_Peak,size+peak,50.0,420.0,460.0
3,evaluate_members,253.8315804004669,1010.0,,,,,
3,XGBoost,218.58605790138245,,HP_Peak,none,50.0,420.0,460.0
3,Ridge,2.938770055770874,,HP_Peak,none,50.0,420.0,460.0
3,ElasticNet,60.992016077041626,,HP_Peak,none,50.0,420.0,460.0
3,SVR,19.514847993850708,,HP_Peak,none,50.0,420.0,460.0
3,PLS,12.800320863723757,,HP_Peak,none,50.0,420.0,460.0
3,XGBoost,213.2943332195282,,HP_Peak,size,50.0,420.0,460.0
3,Ridge,4.780329942703247,,HP_Peak,size,50.0,420.0,460.0
3,ElasticNet,39.72461533546448,,HP_Peak,size,50.0,420.0,460.0
3,SVR,7.252489805221558,,HP_Peak,size,50.0,420.0,460.0
3,PLS,4.005881071090698,,HP_Peak,size,50.0,420.0,460.0
3,XGBoost,66.37174534797668,,HP_Peak,size_peak,50.0,420.0,460.0
3,Ridge,10.126185894012451,,HP_Peak,size_peak,50.0,420.0,460.0
3,ElasticNet,54.779396533966064,,HP_Peak,size_peak,50.0,420.0,460.0
3,SVR,20.433180809021,,HP_Peak,size_peak,50.0,420.0,460.0
3,PLS,12.731712818145752,,HP_Peak,size_peak,50.0,420.0,460.0
3,anchor_only_Linear,0.0609745979309082,,HP_Peak,size,0.0,420.0,460.0
3,anchor_only_Linear,0.0680561065673828,,HP_Peak,peak,0.0,420.0,460.0
3,anchor_only_Linear,0.0625083446502685,,HP_Peak,size+peak,0.0,420.0,460.0
3,anchor_only_XGBoost,17.924195528030396,,HP_Peak,size,50.0,420.0,460.0
3,anchor_only_XGBoost,7.094177722930908,,HP_Peak,peak,50.0,420.0,460.0
3,anchor_only_XGBoost,10.8336501121521,,HP_Peak,size+peak,50.0,420.0,460.0
4,evaluate_members,212.5536768436432,1010.0,,,,,
4,XGBoost,63.48722457885742,,HP_Peak,none,50.0,420.0,460.0
4,Ridge,8.863367080688477,,HP_Peak,none,50.0,420.0,460.0
4,ElasticNet,56.95498871803284,,HP_Peak,none,50.0,420.0,460.0
4,SVR,17.77482795715332,,HP_Peak,none,50.0,420.0,460.0
4,PLS,10.677292346954346,,HP_Peak,none,50.0,420.0,460.0
4,XGBoost,229.4750604629517,,HP_Peak,size,50.0,420.0,460.0
4,Ridge,8.977449893951416,,HP_Peak,size,50.0,420.0,460.0
4,ElasticNet,53.361693382263184,,HP_Peak,size,50.0,420.0,460.0
4,SVR,7.717143774032593,,HP_Peak,size,50.0,420.0,460.0
4,PLS,4.2743239402771,,HP_Peak,size,50.0,420.0,460.0
4,XGBoost,75.75385689735413,,HP_Peak,size_peak,50.0,420.0,460.0
4,Ridge,4.704209327697754,,HP_Peak,size_peak,50.0,420.0,460.0
4,ElasticNet,29.04745054244995,,HP_Peak,size_peak,50.0,420.0,460.0
4,SVR,9.013235569000244,,HP_Peak,size_peak,50.0,420.0,460.0
4,PLS,4.289646863937378,,HP_Peak,size_peak,50.0,420.0,460.0
4,anchor_only_Linear,0.0167398452758789,,HP_Peak,size,0.0,420.0,460.0
4,anchor_only_Linear,0.0206756591796875,,HP_Peak,peak,0.0,420.0,460.0
4,anchor_only_Linear,0.0241560935974121,,HP_Peak,size+peak,0.0,420.0,460.0
4,anchor_only_XGBoost,7.820942878723144,,HP_Peak,size,50.0,420.0,460.0
4,anchor_only_XGBoost,7.492726564407349,,HP_Peak,peak,50.0,420.0,460.0
4,anchor_only_XGBoost,9.766004800796509,,HP_Peak,size+peak,50.0,420.0,460.0
5,evaluate_members,204.2537167072296,1010.0,,,,,
5,XGBoost,267.4015369415283,,HP_Peak,none,50.0,420.0,460.0
5,Ridge,10.54126501083374,,HP_Peak,none,50.0,420.0,460.0
5,ElasticNet,50.01147770881653,,HP_Peak,none,50.0,420.0,460.0
5,SVR,5.641249895095825,,HP_Peak,none,50.0,420.0,460.0
5,PLS,3.7979891300201416,,HP_Peak,none,50.0,420.0,460.0
5,XGBoost,88.08975625038147,,HP_Peak,size,50.0,420.0,460.0
5,Ridge,3.19714903831482,,HP_Peak,size,50.0,420.0,460.0
5,ElasticNet,32.19300627708435,,HP_Peak,size,50.0,420.0,460.0
5,SVR,5.648592710494995,,HP_Peak,size,50.0,420.0,460.0
5,PLS,3.892828702926636,,HP_Peak,size,50.0,420.0,460.0
5,XGBoost,59.94508409500122,,HP_Peak,size_peak,50.0,420.0,460.0
5,Ridge,3.145669221878052,,HP_Peak,size_peak,50.0,420.0,460.0
5,ElasticNet,27.46592354774475,,HP_Peak,size_peak,50.0,420.0,460.0
5,SVR,5.990418434143066,,HP_Peak,size_peak,50.0,420.0,460.0
5,PLS,3.5338656902313232,,HP_Peak,size_peak,50.0,420.0,460.0
5,anchor_only_Linear,0.0178644657135009,,HP_Peak,size,0.0,420.0,460.0
5,anchor_only_Linear,0.0074846744537353,,HP_Peak,peak,0.0,420.0,460.0
5,anchor_only_Linear,0.0169367790222167,,HP_Peak,size+peak,0.0,420.0,460.0
5,anchor_only_XGBoost,6.057969331741333,,HP_Peak,size,50.0,420.0,460.0
5,anchor_only_XGBoost,6.835305690765381,,HP_Peak,peak,50.0,420.0,460.0
5,anchor_only_XGBoost,8.669318199157715,,HP_Peak,size+peak,50.0,420.0,460.0
6,evaluate_members,232.0931739807129,1010.0,,,,,
6,XGBoost,255.22634410858157,,HP_Peak,none,50.0,420.0,460.0
6,Ridge,3.230757713317871,,HP_Peak,none,50.0,420.0,460.0
6,ElasticNet,21.44206023216248,,HP_Peak,none,50.0,420.0,460.0
6,SVR,6.790055751800537,,HP_Peak,none,50.0,420.0,460.0
6,PLS,4.863293647766113,,HP_Peak,none,50.0,420.0,460.0
6,XGBoost,90.96884846687315,,HP_Peak,size,50.0,420.0,460.0
6,Ridge,2.8901689052581787,,HP_Peak,size,50.0,420.0,460.0
6,ElasticNet,19.326004028320312,,HP_Peak,size,50.0,420.0,460.0
6,SVR,5.807547092437744,,HP_Peak,size,50.0,420.0,460.0
6,PLS,3.355449914932251,,HP_Peak,size,50.0,420.0,460.0
6,XGBoost,66.65119338035583,,HP_Peak,size_peak,50.0,420.0,460.0
6,Ridge,2.912811756134033,,HP_Peak,size_peak,50.0,420.0,460.0
6,ElasticNet,17.00765347480774,,HP_Peak,size_peak,50.0,420.0,460.0
6,SVR,5.471910238265991,,HP_Peak,size_peak,50.0,420.0,460.0
6,PLS,3.122471809387207,,HP_Peak,size_peak,50.0,420.0,460.0
6,anchor_only_Linear,0.0176937580108642,,HP_Peak,size,0.0,420.0,460.0
6,anchor_only_Linear,0.0138888359069824,,HP_Peak,peak,0.0,420.0,460.0
6,anchor_only_Linear,0.0193665027618408,,HP_Peak,size+peak,0.0,420.0,460.0
6,anchor_only_XGBoost,6.1207497119903564,,HP_Peak,size,50.0,420.0,460.0
6,anchor_only_XGBoost,7.0020482540130615,,HP_Peak,peak,50.0,420.0,460.0
6,anchor_only_XGBoost,8.425865888595581,,HP_Peak,size+peak,50.0,420.0,460.0
7,evaluate_members,259.9850776195526,1010.0,,,,,
7,XGBoost,206.4517698287964,,HP_Peak,none,50.0,420.0,460.0
7,Ridge,3.588205575942993,,HP_Peak,none,50.0,420.0,460.0
7,ElasticNet,28.192131996154785,,HP_Peak,none,50.0,420.0,460.0
7,SVR,6.136370897293091,,HP_Peak,none,50.0,420.0,460.0
7,PLS,4.041369438171387,,HP_Peak,none,50.0,420.0,460.0
7,XGBoost,73.92905688285828,,HP_Peak,size,50.0,420.0,460.0
7,Ridge,3.966946601867676,,HP_Peak,size,50.0,420.0,460.0
7,ElasticNet,28.03789520263672,,HP_Peak,size,50.0,420.0,460.0
7,SVR,5.791582345962524,,HP_Peak,size,50.0,420.0,460.0
7,PLS,3.054952621459961,,HP_Peak,size,50.0,420.0,460.0
7,XGBoost,70.75373601913452,,HP_Peak,size_peak,50.0,420.0,460.0
7,Ridge,3.7077174186706543,,HP_Peak,size_peak,50.0,420.0,460.0
7,ElasticNet,35.88429808616638,,HP_Peak,size_peak,50.0,420.0,460.0
7,SVR,6.33518385887146,,HP_Peak,size_peak,50.0,420.0,460.0
7,PLS,3.386864423751831,,HP_Peak,size_peak,50.0,420.0,460.0
7,anchor_only_Linear,0.0131516456604003,,HP_Peak,size,0.0,420.0,460.0
7,anchor_only_Linear,0.0181760787963867,,HP_Peak,peak,0.0,420.0,460.0
7,anchor_only_Linear,0.0165567398071289,,HP_Peak,size+peak,0.0,420.0,460.0
7,anchor_only_XGBoost,7.051275730133057,,HP_Peak,size,50.0,420.0,460.0
7,anchor_only_XGBoost,6.575135946273804,,HP_Peak,peak,50.0,420.0,460.0
7,anchor_only_XGBoost,12.776364803314207,,HP_Peak,size+peak,50.0,420.0,460.0
8,evaluate_members,141.27585673332214,1010.0,,,,,
8,XGBoost,62.99335169792175,,HP_Peak,none,50.0,420.0,460.0
8,Ridge,2.9338860511779785,,HP_Peak,none,50.0,420.0,460.0
8,ElasticNet,36.85100054740906,,HP_Peak,none,50.0,420.0,460.0
8,SVR,4.9856953620910645,,HP_Peak,none,50.0,420.0,460.0
8,PLS,3.174692392349243,,HP_Peak,none,50.0,420.0,460.0
8,XGBoost,82.1892409324646,,HP_Peak,size,50.0,420.0,460.0
8,Ridge,3.628906488418579,,HP_Peak,size,50.0,420.0,460.0
8,ElasticNet,33.38668751716614,,HP_Peak,size,50.0,420.0,460.0
8,SVR,5.387722253799439,,HP_Peak,size,50.0,420.0,460.0
8,PLS,3.311905860900879,,HP_Peak,size,50.0,420.0,460.0
8,XGBoost,72.20408415794373,,HP_Peak,size_peak,50.0,420.0,460.0
8,Ridge,4.389902114868164,,HP_Peak,size_peak,50.0,420.0,460.0
8,ElasticNet,37.66718125343323,,HP_Peak,size_peak,50.0,420.0,460.0
8,SVR,5.076529741287232,,HP_Peak,size_peak,50.0,420.0,460.0
8,PLS,3.3320775032043457,,HP_Peak,size_peak,50.0,420.0,460.0
8,anchor_only_Linear,0.0152828693389892,,HP_Peak,size,0.0,420.0,460.0
8,anchor_only_Linear,0.0147299766540527,,HP_Peak,peak,0.0,420.0,460.0
8,anchor_only_Linear,0.015296459197998,,HP_Peak,size+peak,0.0,420.0,460.0
8,anchor_only_XGBoost,7.999776124954224,,HP_Peak,size,50.0,420.0,460.0
8,anchor_only_XGBoost,8.741182804107666,,HP_Peak,peak,50.0,420.0,460.0
8,anchor_only_XGBoost,12.666229724884031,,HP_Peak,size+peak,50.0,420.0,460.0
9,evaluate_members,123.09099459648132,1010.0,,,,,
9,XGBoost,69.22819328308105,,HP_Peak,none,50.0,420.0,460.0
9,Ridge,4.772563695907593,,HP_Peak,none,50.0,420.0,460.0
9,ElasticNet,61.40672039985657,,HP_Peak,none,50.0,420.0,460.0
9,SVR,6.758795738220215,,HP_Peak,none,50.0,420.0,460.0
9,PLS,4.491194248199463,,HP_Peak,none,50.0,420.0,460.0
9,XGBoost,78.84151339530945,,HP_Peak,size,50.0,420.0,460.0
9,Ridge,3.053757429122925,,HP_Peak,size,50.0,420.0,460.0
9,ElasticNet,54.31503176689148,,HP_Peak,size,50.0,420.0,460.0
9,SVR,5.091965436935425,,HP_Peak,size,50.0,420.0,460.0
9,PLS,3.658984661102295,,HP_Peak,size,50.0,420.0,460.0
9,XGBoost,78.48558902740479,,HP_Peak,size_peak,50.0,420.0,460.0
9,Ridge,3.068832874298096,,HP_Peak,size_peak,50.0,420.0,460.0
9,ElasticNet,57.16838455200195,,HP_Peak,size_peak,50.0,420.0,460.0
9,SVR,6.626151084899902,,HP_Peak,size_peak,50.0,420.0,460.0
9,PLS,3.622563362121582,,HP_Peak,size_peak,50.0,420.0,460.0
9,anchor_only_Linear,0.018073558807373,,HP_Peak,size,0.0,420.0,460.0
9,anchor_only_Linear,0.0160422325134277,,HP_Peak,peak,0.0,420.0,460.0
9,anchor_only_Linear,0.0177748203277587,,HP_Peak,size+peak,0.0,420.0,460.0
9,anchor_only_XGBoost,7.149328947067261,,HP_Peak,size,50.0,420.0,460.0
9,anchor_only_XGBoost,7.836013317108154,,HP_Peak,peak,50.0,420.0,460.0
9,anchor_only_XGBoost,8.512726306915283,,HP_Peak,size+peak,50.0,420.0,460.0
10,evaluate_members,123.9171860218048,1010.0,,,,,
10,XGBoost,70.9629385471344,,HP_Peak,none,50.0,420.0,460.0
10,Ridge,3.027801752090454,,HP_Peak,none,50.0,420.0,460.0
10,ElasticNet,31.946183919906616,,HP_Peak,none,50.0,420.0,460.0
10,SVR,5.399838209152222,,HP_Peak,none,50.0,420.0,460.0
10,PLS,3.291024684906006,,HP_Peak,none,50.0,420.0,460.0
10,XGBoost,75.35207223892212,,HP_Peak,size,50.0,420.0,460.0
10,Ridge,4.1241419315338135,,HP_Peak,size,50.0,420.0,460.0
10,ElasticNet,30.98096704483032,,HP_Peak,size,50.0,420.0,460.0
10,SVR,5.535033464431763,,HP_Peak,size,50.0,420.0,460.0
10,PLS,3.3669352531433105,,HP_Peak,size,50.0,420.0,460.0
10,XGBoost,53.07673931121826,,HP_Peak,size_peak,50.0,420.0,460.0
10,Ridge,3.636563539505005,,HP_Peak,size_peak,50.0,420.0,460.0
10,ElasticNet,28.30924677848816,,HP_Peak,size_peak,50.0,420.0,460.0
10,SVR,7.581172943115234,,HP_Peak,size_peak,50.0,420.0,460.0
10,PLS,4.372762680053711,,HP_Peak,size_peak,50.0,420.0,460.0
10,anchor_only_Linear,0.0269837379455566,,HP_Peak,size,0.0,420.0,460.0
10,anchor_only_Linear,0.0279352664947509,,HP_Peak,peak,0.0,420.0,460.0
10,anchor_only_Linear,0.0129883289337158,,HP_Peak,size+peak,0.0,420.0,460.0
10,anchor_only_XGBoost,7.624033689498901,,HP_Peak,size,50.0,420.0,460.0
10,anchor_only_XGBoost,8.390026330947876,,HP_Peak,peak,50.0,420.0,460.0
10,anchor_only_XGBoost,12.75871992111206,,HP_Peak,size+peak,50.0,420.0,460.0
11,evaluate_members,127.6925835609436,1010.0,,,,,
11,XGBoost,94.5233883857727,,HP_Peak,none,50.0,420.0,460.0
11,Ridge,2.883662462234497,,HP_Peak,none,50.0,420.0,460.0
11,ElasticNet,36.07845425605774,,HP_Peak,none,50.0,420.0,460.0
11,SVR,7.869611740112305,,HP_Peak,none,50.0,420.0,460.0
11,PLS,5.181662797927856,,HP_Peak,none,50.0,420.0,460.0
11,XGBoost,75.21680164337158,,HP_Peak,size,50.0,420.0,460.0
11,Ridge,3.4469339847564697,,HP_Peak,size,50.0,420.0,460.0
11,ElasticNet,31.756022214889526,,HP_Peak,size,50.0,420.0,460.0
11,SVR,5.128696918487549,,HP_Peak,size,50.0,420.0,460.0
11,PLS,3.3857908248901367,,HP_Peak,size,50.0,420.0,460.0
11,XGBoost,75.8686900138855,,HP_Peak,size_peak,50.0,420.0,460.0
11,Ridge,3.3338749408721924,,HP_Peak,size_peak,50.0,420.0,460.0
11,ElasticNet,24.936156511306763,,HP_Peak,size_peak,50.0,420.0,460.0
11,SVR,4.823947906494141,,HP_Peak,size_peak,50.0,420.0,460.0
11,PLS,3.3060007095336914,,HP_Peak,size_peak,50.0,420.0,460.0
11,anchor_only_Linear,0.0162794589996337,,HP_Peak,size,0.0,420.0,460.0
11,anchor_only_Linear,0.014266014099121,,HP_Peak,peak,0.0,420.0,460.0
11,anchor_only_Linear,0.01654052734375,,HP_Peak,size+peak,0.0,420.0,460.0
11,anchor_only_XGBoost,6.513897895812988,,HP_Peak,size,50.0,420.0,460.0
11,anchor_only_XGBoost,8.358303546905518,,HP_Peak,peak,50.0,420.0,460.0
11,anchor_only_XGBoost,9.328534364700316,,HP_Peak,size+peak,50.0,420.0,460.0
12,evaluate_members,135.17169451713562,1010.0,,,,,
12,XGBoost,52.73637390136719,,HP_Peak,none,50.0,420.0,460.0
12,Ridge,2.876238346099853,,HP_Peak,none,50.0,420.0,460.0
12,ElasticNet,26.764750003814697,,HP_Peak,none,50.0,420.0,460.0
12,SVR,5.426449298858643,,HP_Peak,none,50.0,420.0,460.0
12,PLS,3.321847677230835,,HP_Peak,none,50.0,420.0,460.0
12,XGBoost,71.66904902458191,,HP_Peak,size,50.0,420.0,460.0
12,Ridge,3.1568660736083984,,HP_Peak,size,50.0,420.0,460.0
12,ElasticNet,28.359835386276245,,HP_Peak,size,50.0,420.0,460.0
12,SVR,6.298813343048096,,HP_Peak,size,50.0,420.0,460.0
12,PLS,4.11432671546936,,HP_Peak,size,50.0,420.0,460.0
12,XGBoost,87.38357830047607,,HP_Peak,size_peak,50.0,420.0,460.0
12,Ridge,2.964057207107544,,HP_Peak,size_peak,50.0,420.0,460.0
12,ElasticNet,63.90822887420654,,HP_Peak,size_peak,50.0,420.0,460.0
12,SVR,5.461651563644409,,HP_Peak,size_peak,50.0,420.0,460.0
12,PLS,3.4312007427215576,,HP_Peak,size_peak,50.0,420.0,460.0
12,anchor_only_Linear,0.015247106552124,,HP_Peak,size,0.0,420.0,460.0
12,anchor_only_Linear,0.0136268138885498,,HP_Peak,peak,0.0,420.0,460.0
12,anchor_only_Linear,0.016409158706665,,HP_Peak,size+peak,0.0,420.0,460.0
12,anchor_only_XGBoost,6.269200325012207,,HP_Peak,size,50.0,420.0,460.0
12,anchor_only_XGBoost,7.934128522872925,,HP_Peak,peak,50.0,420.0,460.0
12,anchor_only_XGBoost,12.177484035491943,,HP_Peak,size+peak,50.0,420.0,460.0
13,evaluate_members,123.24572801589966,1010.0,,,,,
13,XGBoost,67.9154372215271,,HP_Peak,none,50.0,420.0,460.0
13,Ridge,4.185046434402466,,HP_Peak,none,50.0,420.0,460.0
13,ElasticNet,64.02060961723328,,HP_Peak,none,50.0,420.0,460.0
13,SVR,7.966004371643066,,HP_Peak,none,50.0,420.0,460.0
13,PLS,4.442113399505615,,HP_Peak,none,50.0,420.0,460.0
13,XGBoost,64.48152780532837,,HP_Peak,size,50.0,420.0,460.0
13,Ridge,3.248132467269897,,HP_Peak,size,50.0,420.0,460.0
13,ElasticNet,63.10242414474487,,HP_Peak,size,50.0,420.0,460.0
13,SVR,5.811970472335815,,HP_Peak,size,50.0,420.0,460.0
13,PLS,3.345393657684326,,HP_Peak,size,50.0,420.0,460.0
13,XGBoost,76.67723155021667,,HP_Peak,size_peak,50.0,420.0,460.0
13,Ridge,3.7855939865112314,,HP_Peak,size_peak,50.0,420.0,460.0
13,ElasticNet,40.26493501663208,,HP_Peak,size_peak,50.0,420.0,460.0
13,SVR,6.15056037902832,,HP_Peak,size_peak,50.0,420.0,460.0
13,PLS,3.533665180206299,,HP_Peak,size_peak,50.0,420.0,460.0
13,anchor_only_Linear,0.01434326171875,,HP_Peak,size,0.0,420.0,460.0
13,anchor_only_Linear,0.0144212245941162,,HP_Peak,peak,0.0,420.0,460.0
13,anchor_only_Linear,0.0156295299530029,,HP_Peak,size+peak,0.0,420.0,460.0
13,anchor_only_XGBoost,6.333086490631104,,HP_Peak,size,50.0,420.0,460.0
13,anchor_only_XGBoost,7.157674074172974,,HP_Peak,peak,50.0,420.0,460.0
13,anchor_only_XGBoost,10.31137752532959,,HP_Peak,size+peak,50.0,420.0,460.0
14,evaluate_members,134.34124112129211,1010.0,,,,,
14,XGBoost,77.59394788742065,,HP_Peak,none,50.0,420.0,460.0
14,Ridge,3.467859268188477,,HP_Peak,none,50.0,420.0,460.0
14,ElasticNet,52.73576784133911,,HP_Peak,none,50.0,420.0,460.0
14,SVR,5.580676317214966,,HP_Peak,none,50.0,420.0,460.0
14,PLS,3.259599208831787,,HP_Peak,none,50.0,420.0,460.0
14,XGBoost,63.1771674156189,,HP_Peak,size,50.0,420.0,460.0
14,Ridge,2.940232992172241,,HP_Peak,size,50.0,420.0,460.0
14,ElasticNet,33.20085597038269,,HP_Peak,size,50.0,420.0,460.0
14,SVR,6.155888557434082,,HP_Peak,size,50.0,420.0,460.0
14,PLS,3.8097665309906006,,HP_Peak,size,50.0,420.0,460.0
14,XGBoost,78.77771234512329,,HP_Peak,size_peak,50.0,420.0,460.0
14,Ridge,2.8848819732666016,,HP_Peak,size_peak,50.0,420.0,460.0
14,ElasticNet,32.7010018825531,,HP_Peak,size_peak,50.0,420.0,460.0
14,SVR,5.681908130645752,,HP_Peak,size_peak,50.0,420.0,460.0
14,PLS,3.592913866043091,,HP_Peak,size_peak,50.0,420.0,460.0
14,anchor_only_Linear,0.0133624076843261,,HP_Peak,size,0.0,420.0,460.0
14,anchor_only_Linear,0.0148267745971679,,HP_Peak,peak,0.0,420.0,460.0
14,anchor_only_Linear,0.0199160575866699,,HP_Peak,size+peak,0.0,420.0,460.0
14,anchor_only_XGBoost,6.845081329345703,,HP_Peak,size,50.0,420.0,460.0
14,anchor_only_XGBoost,8.252387285232544,,HP_Peak,peak,50.0,420.0,460.0
14,anchor_only_XGBoost,10.322123050689695,,HP_Peak,size+peak,50.0,420.0,460.0
15,evaluate_members,138.9300835132599,1010.0,,,,,
15,XGBoost,69.97452783584595,,HP_Peak,none,50.0,420.0,460.0
15,Ridge,3.5898659229278564,,HP_Peak,none,50.0,420.0,460.0
15,ElasticNet,21.51838731765747,,HP_Peak,none,50.0,420.0,460.0
15,SVR,5.346983909606934,,HP_Peak,none,50.0,420.0,460.0
15,PLS,3.3299190998077397,,HP_Peak,none,50.0,420.0,460.0
15,XGBoost,58.70666837692261,,HP_Peak,size,50.0,420.0,460.0
15,Ridge,2.923910617828369,,HP_Peak,size,50.0,420.0,460.0
15,ElasticNet,25.41677236557007,,HP_Peak,size,50.0,420.0,460.0
15,SVR,5.3698344230651855,,HP_Peak,size,50.0,420.0,460.0
15,PLS,3.2674248218536377,,HP_Peak,size,50.0,420.0,460.0
15,XGBoost,78.09867453575134,,HP_Peak,size_peak,50.0,420.0,460.0
15,Ridge,2.997580051422119,,HP_Peak,size_peak,50.0,420.0,460.0
15,ElasticNet,23.45643615722656,,HP_Peak,size_peak,50.0,420.0,460.0
15,SVR,4.8870849609375,,HP_Peak,size_peak,50.0,420.0,460.0
15,PLS,3.144906997680664,,HP_Peak,size_peak,50.0,420.0,460.0
15,anchor_only_Linear,0.0135548114776611,,HP_Peak,size,0.0,420.0,460.0
15,anchor_only_Linear,0.0150718688964843,,HP_Peak,peak,0.0,420.0,460.0
15,anchor_only_Linear,0.0202386379241943,,HP_Peak,size+peak,0.0,420.0,460.0
15,anchor_only_XGBoost,6.057719945907593,,HP_Peak,size,50.0,420.0,460.0
15,anchor_only_XGBoost,6.261055946350098,,HP_Peak,peak,50.0,420.0,460.0
15,anchor_only_XGBoost,8.35859990119934,,HP_Peak,size+peak,50.0,420.0,460.0
16,evaluate_members,140.6700484752655,1010.0,,,,,
16,XGBoost,59.83274555206299,,HP_Peak,none,50.0,420.0,460.0
16,Ridge,2.875466108322144,,HP_Peak,none,50.0,420.0,460.0
16,ElasticNet,25.539262294769287,,HP_Peak,none,50.0,420.0,460.0
16,SVR,4.912271022796631,,HP_Peak,none,50.0,420.0,460.0
16,PLS,3.0817747116088867,,HP_Peak,none,50.0,420.0,460.0
16,XGBoost,80.22315382957458,,HP_Peak,size,50.0,420.0,460.0
16,Ridge,4.345879316329956,,HP_Peak,size,50.0,420.0,460.0
16,ElasticNet,27.611389875411987,,HP_Peak,size,50.0,420.0,460.0
16,SVR,4.795685052871704,,HP_Peak,size,50.0,420.0,460.0
16,PLS,3.005197286605835,,HP_Peak,size,50.0,420.0,460.0
16,XGBoost,88.40199971199036,,HP_Peak,size_peak,50.0,420.0,460.0
16,Ridge,3.6421637535095215,,HP_Peak,size_peak,50.0,420.0,460.0
16,ElasticNet,29.563475608825684,,HP_Peak,size_peak,50.0,420.0,460.0
16,SVR,5.237715482711792,,HP_Peak,size_peak,50.0,420.0,460.0
16,PLS,3.5470633506774902,,HP_Peak,size_peak,50.0,420.0,460.0
16,anchor_only_Linear,0.0144569873809814,,HP_Peak,size,0.0,420.0,460.0
16,anchor_only_Linear,0.0157182216644287,,HP_Peak,peak,0.0,420.0,460.0
16,anchor_only_Linear,0.0202953815460205,,HP_Peak,size+peak,0.0,420.0,460.0
16,anchor_only_XGBoost,7.620096921920776,,HP_Peak,size,50.0,420.0,460.0
16,anchor_only_XGBoost,7.636324644088745,,HP_Peak,peak,50.0,420.0,460.0
16,anchor_only_XGBoost,11.345986127853394,,HP_Peak,size+peak,50.0,420.0,460.0
17,evaluate_members,122.76952052116394,1010.0,,,,,
17,XGBoost,63.757811307907104,,HP_Peak,none,50.0,420.0,460.0
17,Ridge,3.5798532962799072,,HP_Peak,none,50.0,420.0,460.0
17,ElasticNet,32.7568154335022,,HP_Peak,none,50.0,420.0,460.0
17,SVR,5.132880449295044,,HP_Peak,none,50.0,420.0,460.0
17,PLS,3.1843433380126958,,HP_Peak,none,50.0,420.0,460.0
17,XGBoost,69.91546678543091,,HP_Peak,size,50.0,420.0,460.0
17,Ridge,4.345705032348633,,HP_Peak,size,50.0,420.0,460.0
17,ElasticNet,36.79381012916565,,HP_Peak,size,50.0,420.0,460.0
17,SVR,4.905795335769653,,HP_Peak,size,50.0,420.0,460.0
17,PLS,3.1204562187194824,,HP_Peak,size,50.0,420.0,460.0
17,XGBoost,68.44021964073181,,HP_Peak,size_peak,50.0,420.0,460.0
17,Ridge,4.713820695877075,,HP_Peak,size_peak,50.0,420.0,460.0
17,ElasticNet,46.52512288093567,,HP_Peak,size_peak,50.0,420.0,460.0
17,SVR,9.61440396308899,,HP_Peak,size_peak,50.0,420.0,460.0
17,PLS,5.11470365524292,,HP_Peak,size_peak,50.0,420.0,460.0
17,anchor_only_Linear,0.0205671787261962,,HP_Peak,size,0.0,420.0,460.0
17,anchor_only_Linear,0.0292584896087646,,HP_Peak,peak,0.0,420.0,460.0
17,anchor_only_Linear,0.0258252620697021,,HP_Peak,size+peak,0.0,420.0,460.0
17,anchor_only_XGBoost,8.899367809295654,,HP_Peak,size,50.0,420.0,460.0
17,anchor_only_XGBoost,9.262962818145752,,HP_Peak,peak,50.0,420.0,460.0
17,anchor_only_XGBoost,9.721237659454346,,HP_Peak,size+peak,50.0,420.0,460.0
18,evaluate_members,122.6296398639679,1010.0,,,,,
18,XGBoost,64.91174840927124,,HP_Peak,none,50.0,420.0,460.0
18,Ridge,3.0557515621185303,,HP_Peak,none,50.0,420.0,460.0
18,ElasticNet,36.28472304344177,,HP_Peak,none,50.0,420.0,460.0
18,SVR,5.816469192504883,,HP_Peak,none,50.0,420.0,460.0
18,PLS,3.526855707168579,,HP_Peak,none,50.0,420.0,460.0
18,XGBoost,76.64130330085754,,HP_Peak,size,50.0,420.0,460.0
18,Ridge,3.143690347671509,,HP_Peak,size,50.0,420.0,460.0
18,ElasticNet,39.30505180358887,,HP_Peak,size,50.0,420.0,460.0
18,SVR,6.536126136779785,,HP_Peak,size,50.0,420.0,460.0
18,PLS,3.819947719573975,,HP_Peak,size,50.0,420.0,460.0
18,XGBoost,72.19627285003662,,HP_Peak,size_peak,50.0,420.0,460.0
18,Ridge,4.583956480026245,,HP_Peak,size_peak,50.0,420.0,460.0
18,ElasticNet,42.41856217384338,,HP_Peak,size_peak,50.0,420.0,460.0
18,SVR,8.500032186508179,,HP_Peak,size_peak,50.0,420.0,460.0
18,PLS,5.241933107376099,,HP_Peak,size_peak,50.0,420.0,460.0
18,anchor_only_Linear,0.0302436351776123,,HP_Peak,size,0.0,420.0,460.0
18,anchor_only_Linear,0.029465913772583,,HP_Peak,peak,0.0,420.0,460.0
18,anchor_only_Linear,0.0295894145965576,,HP_Peak,size+peak,0.0,420.0,460.0
18,anchor_only_XGBoost,8.272990465164185,,HP_Peak,size,50.0,420.0,460.0
18,anchor_only_XGBoost,7.324821949005127,,HP_Peak,peak,50.0,420.0,460.0
18,anchor_only_XGBoost,8.756886005401611,,HP_Peak,size+peak,50.0,420.0,460.0
19,evaluate_members,132.57055616378784,1010.0,,,,,
19,XGBoost,55.12497186660767,,HP_Peak,none,50.0,420.0,460.0
19,Ridge,2.8289549350738525,,HP_Peak,none,50.0,420.0,460.0
19,ElasticNet,40.71829056739807,,HP_Peak,none,50.0,420.0,460.0
19,SVR,8.881059646606445,,HP_Peak,none,50.0,420.0,460.0
19,PLS,4.912605285644531,,HP_Peak,none,50.0,420.0,460.0
19,XGBoost,67.15687918663025,,HP_Peak,size,50.0,420.0,460.0
19,Ridge,2.861303329467773,,HP_Peak,size,50.0,420.0,460.0
19,ElasticNet,40.24512457847595,,HP_Peak,size,50.0,420.0,460.0
19,SVR,8.127462387084961,,HP_Peak,size,50.0,420.0,460.0
19,PLS,4.052806854248047,,HP_Peak,size,50.0,420.0,460.0
19,XGBoost,78.76306986808777,,HP_Peak,size_peak,50.0,420.0,460.0
19,Ridge,4.468462228775024,,HP_Peak,size_peak,50.0,420.0,460.0
19,ElasticNet,38.70403647422791,,HP_Peak,size_peak,50.0,420.0,460.0
19,SVR,6.524329423904419,,HP_Peak,size_peak,50.0,420.0,460.0
19,PLS,3.3354432582855225,,HP_Peak,size_peak,50.0,420.0,460.0
19,anchor_only_Linear,0.0160729885101318,,HP_Peak,size,0.0,420.0,460.0
19,anchor_only_Linear,0.0168561935424804,,HP_Peak,peak,0.0,420.0,460.0
19,anchor_only_Linear,0.017554759979248,,HP_Peak,size+peak,0.0,420.0,460.0
19,anchor_only_XGBoost,5.879359722137451,,HP_Peak,size,50.0,420.0,460.0
19,anchor_only_XGBoost,6.5689473152160645,,HP_Peak,peak,50.0,420.0,460.0
19,anchor_only_XGBoost,9.178550243377686,,HP_Peak,size+peak,50.0,420.0,460.0
