seed,HP train (pool),HP test (pool),dropped cells,HP train used,train substations,HP test used,test substations,"test n, p <=15 %","test n, p 15-35 %","test n, p 35-65 %","test n, p >65 %",pool
0,64,22,605,62,500,20,135,75,40,10,10,"B* (cal2023, 15 min)"
1,64,22,605,62,500,20,135,75,40,10,10,"B* (cal2023, 15 min)"
2,64,22,605,62,500,20,135,75,40,10,10,"B* (cal2023, 15 min)"
3,64,22,605,62,500,20,135,75,40,10,10,"B* (cal2023, 15 min)"
4,64,22,605,62,500,20,135,75,40,10,10,"B* (cal2023, 15 min)"
5,64,22,605,62,500,20,135,75,40,10,10,"B* (cal2023, 15 min)"
6,64,22,605,62,500,20,135,75,40,10,10,"B* (cal2023, 15 min)"
7,64,22,605,62,500,20,135,75,40,10,10,"B* (cal2023, 15 min)"
8,64,22,605,62,500,20,135,75,40,10,10,"B* (cal2023, 15 min)"
9,64,22,605,62,500,20,135,75,40,10,10,"B* (cal2023, 15 min)"
10,64,22,605,62,500,20,135,75,40,10,10,"B* (cal2023, 15 min)"
11,64,22,605,62,500,20,135,75,40,10,10,"B* (cal2023, 15 min)"
12,64,22,605,62,500,20,135,75,40,10,10,"B* (cal2023, 15 min)"
13,64,22,605,62,500,20,135,75,40,10,10,"B* (cal2023, 15 min)"
14,64,22,605,62,500,20,135,75,40,10,10,"B* (cal2023, 15 min)"
15,64,22,605,62,500,20,135,75,40,10,10,"B* (cal2023, 15 min)"
16,64,22,605,62,500,20,135,75,40,10,10,"B* (cal2023, 15 min)"
17,64,22,605,62,500,20,135,75,40,10,10,"B* (cal2023, 15 min)"
18,64,22,605,62,500,20,135,75,40,10,10,"B* (cal2023, 15 min)"
19,64,22,605,62,500,20,135,75,40,10,10,"B* (cal2023, 15 min)"
0,292,92,3458,274,2080,81,455,265,125,30,35,GB-EoH main (Nov 2021 - Oct 2022)
1,292,92,3458,274,2080,81,455,265,125,30,35,GB-EoH main (Nov 2021 - Oct 2022)
2,292,92,3458,274,2080,81,455,265,125,30,35,GB-EoH main (Nov 2021 - Oct 2022)
3,292,92,3458,274,2080,81,455,265,125,30,35,GB-EoH main (Nov 2021 - Oct 2022)
4,292,92,3458,274,2080,81,455,265,125,30,35,GB-EoH main (Nov 2021 - Oct 2022)
5,292,92,3458,274,2080,81,455,265,125,30,35,GB-EoH main (Nov 2021 - Oct 2022)
6,292,92,3458,274,2080,81,455,265,125,30,35,GB-EoH main (Nov 2021 - Oct 2022)
7,292,92,3458,274,2080,81,455,265,125,30,35,GB-EoH main (Nov 2021 - Oct 2022)
8,292,92,3458,274,2080,81,455,265,125,30,35,GB-EoH main (Nov 2021 - Oct 2022)
9,292,92,3458,274,2080,81,455,265,125,30,35,GB-EoH main (Nov 2021 - Oct 2022)
10,292,92,3458,274,2080,81,455,265,125,30,35,GB-EoH main (Nov 2021 - Oct 2022)
11,292,92,3458,274,2080,81,455,265,125,30,35,GB-EoH main (Nov 2021 - Oct 2022)
12,292,92,3458,274,2080,81,455,265,125,30,35,GB-EoH main (Nov 2021 - Oct 2022)
13,292,92,3458,274,2080,81,455,265,125,30,35,GB-EoH main (Nov 2021 - Oct 2022)
14,292,92,3458,274,2080,81,455,265,125,30,35,GB-EoH main (Nov 2021 - Oct 2022)
15,292,92,3458,274,2080,81,455,265,125,30,35,GB-EoH main (Nov 2021 - Oct 2022)
16,292,92,3458,274,2080,81,455,265,125,30,35,GB-EoH main (Nov 2021 - Oct 2022)
17,292,92,3458,274,2080,81,455,265,125,30,35,GB-EoH main (Nov 2021 - Oct 2022)
18,292,92,3458,274,2080,81,455,265,125,30,35,GB-EoH main (Nov 2021 - Oct 2022)
19,292,92,3458,274,2080,81,455,265,125,30,35,GB-EoH main (Nov 2021 - Oct 2022)
0,241,78,3365,226,1870,61,355,190,105,30,30,GB-EoH temporal replication (Oct 2022 - 28 Sep 2023)
1,241,78,3365,226,1870,61,355,190,105,30,30,GB-EoH temporal replication (Oct 2022 - 28 Sep 2023)
2,241,78,3365,226,1870,61,355,190,105,30,30,GB-EoH temporal replication (Oct 2022 - 28 Sep 2023)
3,241,78,3365,226,1870,61,355,190,105,30,30,GB-EoH temporal replication (Oct 2022 - 28 Sep 2023)
4,241,78,3365,226,1870,61,355,190,105,30,30,GB-EoH temporal replication (Oct 2022 - 28 Sep 2023)
5,241,78,3365,226,1870,61,355,190,105,30,30,GB-EoH temporal replication (Oct 2022 - 28 Sep 2023)
6,241,78,3365,226,1870,61,355,190,105,30,30,GB-EoH temporal replication (Oct 2022 - 28 Sep 2023)
7,241,78,3365,226,1870,61,355,190,105,30,30,GB-EoH temporal replication (Oct 2022 - 28 Sep 2023)
8,241,78,3365,226,1870,61,355,190,105,30,30,GB-EoH temporal replication (Oct 2022 - 28 Sep 2023)
9,241,78,3365,226,1870,61,355,190,105,30,30,GB-EoH temporal replication (Oct 2022 - 28 Sep 2023)
10,241,78,3365,226,1870,61,355,190,105,30,30,GB-EoH temporal replication (Oct 2022 - 28 Sep 2023)
11,241,78,3365,226,1870,61,355,190,105,30,30,GB-EoH temporal replication (Oct 2022 - 28 Sep 2023)
12,241,78,3365,226,1870,61,355,190,105,30,30,GB-EoH temporal replication (Oct 2022 - 28 Sep 2023)
13,241,78,3365,226,1870,61,355,190,105,30,30,GB-EoH temporal replication (Oct 2022 - 28 Sep 2023)
14,241,78,3365,226,1870,61,355,190,105,30,30,GB-EoH temporal replication (Oct 2022 - 28 Sep 2023)
15,241,78,3365,226,1870,61,355,190,105,30,30,GB-EoH temporal replication (Oct 2022 - 28 Sep 2023)
16,241,78,3365,226,1870,61,355,190,105,30,30,GB-EoH temporal replication (Oct 2022 - 28 Sep 2023)
17,241,78,3365,226,1870,61,355,190,105,30,30,GB-EoH temporal replication (Oct 2022 - 28 Sep 2023)
18,241,78,3365,226,1870,61,355,190,105,30,30,GB-EoH temporal replication (Oct 2022 - 28 Sep 2023)
19,241,78,3365,226,1870,61,355,190,105,30,30,GB-EoH temporal replication (Oct 2022 - 28 Sep 2023)
