period,subset,T,N,s0 (kW/K),T_h,P_base/N (kW),r2
Jul 2012 - Jun 2013 (as 04),all kept Std,heathrow,3199,0.011954776153941263,16.17663707859186,0.342390539431512,0.8431988048800377
Jul 2012 - Jun 2013 (as 04),all kept Std,hadcet,3199,0.013135398846274517,14.19244796412005,0.34470785301281204,0.8429181230362857
Jul 2012 - Jun 2013 (as 04),04 def.: Q248 gas boiler for CH & Q304 = 0 (= 0 TVs),heathrow,47,0.006168751508613373,15.935102389118384,0.275487511276948,0.6092631299261806
Jul 2012 - Jun 2013 (as 04),corrected: CH = Gas (col Q246) & 0 portable heaters (col Q303),heathrow,777,0.007523517891678963,16.591838613877258,0.316051838227722,0.7478566438366165
Jul 2012 - Jun 2013 (as 04),CH = Gas (col Q246),heathrow,1078,0.009218528220141504,16.181804848769332,0.32273521963617446,0.784491787328007
LCL window,all kept Std,heathrow,3199,0.011434628137550645,17.60968168844546,0.3342919641859306,0.8444390362975154
LCL window,all kept Std,hadcet,3199,0.012575149120707927,15.414359141503414,0.3376875636835073,0.8467779328458405
LCL window,04 def.: Q248 gas boiler for CH & Q304 = 0 (= 0 TVs),heathrow,47,0.005830685663743593,18.011108006995116,0.27052143860042255,0.6054605493923422
LCL window,corrected: CH = Gas (col Q246) & 0 portable heaters (col Q303),heathrow,777,0.0072589927637370785,18.519344972216405,0.3067542583974248,0.7613160971930835
LCL window,CH = Gas (col Q246),heathrow,1078,0.008810357004237887,17.94596112480874,0.31333791320297233,0.793613780240874
