winter,n,draw,days,share_dT_gt1,widened,rel_d_s_h,d_T_h,rel_d_P_base,rel_d_p999,rel_d_max,ks_daily,wasserstein_daily_rel
2012/13,10,0,150,0.16,38,-0.999999997077528,-3.797904103783601,0.1853527194743254,0.08142210206006695,0.029933275021400307,0.5066666666666667,0.12393196034439838
2012/13,10,1,150,0.16,38,-0.9999998718989686,0.008528866542118152,-0.02451126380414348,0.06472001407643613,0.13863634713136475,0.28,0.02991963915884738
2012/13,10,2,150,0.16,38,-0.5151348899307604,-0.3368160510736722,-0.23031962702479836,-0.19066794166398993,-0.1029859335714699,0.7666666666666667,0.29435947991339706
2012/13,10,3,150,0.16,38,-0.9999999999924358,7.370845233422404,0.11912250277316128,0.04032453140706793,-0.026623622938743874,0.10666666666666667,0.013313498418234222
2012/13,10,4,150,0.16,38,-0.375090953384023,1.2566062268804394,-0.018574689978729242,-0.09006991717471746,0.02463877052733543,0.26,0.058976285007342234
2012/13,10,5,150,0.16,38,2.665386225960795,-6.013356324116899,-0.04420683817744753,-0.06485700822242768,-0.15403383178598906,0.23333333333333334,0.035764356140525574
2012/13,10,6,150,0.16,38,36.31618375535666,8.757487865424704,0.07282686187525322,0.0609015947358289,-0.03668144463300205,0.35333333333333333,0.07282686196585827
2012/13,10,7,150,0.16,38,0.5671329212956424,0.23263571627572688,-0.20542212055472464,-0.17382932321581224,-0.31722870617526544,0.19333333333333333,0.08204916354748214
2012/13,10,8,150,0.16,38,-0.9962575143245451,4.146107149555355,0.06459962900927807,-0.09826300278373412,-0.15161923754609652,0.16,0.023081073317522835
2012/13,10,9,150,0.16,38,254410.8724650108,4.807955282449209,0.08904855447774618,0.3257344325971496,0.3734359616714824,0.4266666666666667,0.1729680422477943
2012/13,10,10,150,0.16,38,-0.999999999964693,10.687238904320257,-0.0045188995036814505,-0.03546537122207216,-0.1574334139253566,0.18666666666666668,0.029707907860954917
2012/13,10,11,150,0.16,38,0.19894304038633348,-0.6665319142680239,-0.05589087299126427,-0.040947067643402946,0.04502209622083786,0.22,0.040409678361687136
2012/13,10,12,150,0.16,38,-0.9999999999906676,7.72437189494949,-0.0070959255978044755,-0.08490285587248125,-0.12735767350330907,0.17333333333333334,0.035591218741217644
2012/13,10,13,150,0.16,38,-0.4457531512860399,5.876435673404213,-0.015623287502710803,0.1665935920892192,0.09684844816978333,0.17333333333333334,0.054388686224053524
2012/13,10,14,150,0.16,38,-0.99999999999983,7.109529271347727,-0.12489880543121401,-0.1618136291586184,-0.1656600360878654,0.5733333333333334,0.17086311082998903
2012/13,10,15,150,0.16,38,-0.3900104510844741,4.261457369665296,-0.05212698300687091,-0.0680942283965894,-0.10200902064870132,0.35333333333333333,0.04995873222782434
2012/13,10,16,150,0.16,38,-0.9780588982576328,7.851586219653695,-0.014562990675152876,-0.033051055663072204,-0.0718462947823546,0.21333333333333335,0.04817685047364027
2012/13,10,17,150,0.16,38,-0.709900985463078,4.910259424035846,-0.003068936154518198,-0.09394496595135948,0.03004934689795702,0.1,0.01541553151036579
2012/13,10,18,150,0.16,38,-0.39830302716725974,4.628871815678458,0.0071628825708429655,0.01846270746437484,0.018390484642369476,0.18,0.038868287373840085
2012/13,10,19,150,0.16,38,0.6268466412067895,-0.9897448064724301,0.01833338875813384,0.028985795400383152,-0.15174208055626814,0.30666666666666664,0.04814797021691575
2012/13,10,20,150,0.16,38,-0.6097473720237503,-0.09508887394684429,-0.0011168751269672317,-0.010975710735126376,-0.1093654455401939,0.37333333333333335,0.08183747298898356
2012/13,10,21,150,0.16,38,-0.6627120434488076,6.495562492471972,0.17945003526380998,0.06017633126537647,-0.05771541842778172,0.47333333333333333,0.13106129412760653
2012/13,10,22,150,0.16,38,-0.32625816395075236,2.734654444954913,-0.11462991612381213,-0.10966237598491024,-0.09758172008589816,0.3466666666666667,0.10116535104757654
2012/13,10,23,150,0.16,38,-0.4058278695113484,-1.053761458247532,-0.07488789723021816,0.03622213754719139,-0.11731296777291056,0.56,0.18355465242872918
2012/13,10,24,150,0.16,38,-0.7450419081594957,6.085413177556434,-0.02129691230320352,-0.08570725101133281,-0.12004122603381107,0.16,0.0455924624286834
2012/13,10,25,150,0.16,38,-0.4765075606417237,-2.8298192023665685,0.19562640045782098,0.007751009339580506,0.04165465938895374,0.11333333333333333,0.016912910740078998
2012/13,10,26,150,0.16,38,-0.8499589189234364,0.46784088235093435,-0.04409405490413809,-0.19290072155837645,-0.1855493603881614,0.4866666666666667,0.1419138967175652
2012/13,10,27,150,0.16,38,-0.9999999998436729,4.532287072641493,0.139297014535523,0.04521027302425029,0.09280003476316367,0.32666666666666666,0.08301886161095862
2012/13,10,28,150,0.16,38,-0.9999999998954321,-9.874861940429843,0.13281586026745296,-0.025996798684502,0.011104546606084176,0.24,0.0648820433343324
2012/13,10,29,150,0.16,38,-0.4989774571343397,-2.2631890034841646,0.2640483373915943,0.0098674795398348,0.05503209968105627,0.20666666666666667,0.03870293271387272
2012/13,10,30,150,0.16,38,-0.9999999999749816,10.332635694814353,-0.035199581335733976,-0.17240250782955702,-0.11595972256156939,0.35333333333333333,0.07854494045270437
2012/13,10,31,150,0.16,38,-0.5860169834902897,2.1683730789287665,0.05631678455064648,-0.08428501389132526,-0.1768194735470645,0.20666666666666667,0.03994552175293185
2012/13,10,32,150,0.16,38,-0.6574150625200155,-7.677977349201706,-0.022065459579515445,-0.22060647120315435,-0.3609343932604282,0.56,0.1133702008096844
2012/13,10,33,150,0.16,38,-0.6620413794100316,-6.549845082369295,0.11553808097867013,-0.10680747854949046,-0.04731591622915543,0.16666666666666666,0.0399330894401083
2012/13,10,34,150,0.16,38,-0.9999999999953701,5.906552790622733,0.032579706370613026,-0.020753684253613014,-0.08175403397640602,0.21333333333333335,0.03323574803669041
2012/13,10,35,150,0.16,38,-0.9999999999999993,6.735187800600661,0.023156694879535866,-0.12493797076834734,-0.09851156841580455,0.2733333333333333,0.07428008752188453
2012/13,10,36,150,0.16,38,-0.9999999999999999,-11.999983062265594,0.006359400962597572,0.10834084633305219,-0.06470502072136697,0.21333333333333335,0.03467005674834128
2012/13,10,37,150,0.16,38,-0.6187565345041656,1.4999999046788393,-0.07562803039943244,0.00035696899520565317,-0.12186806710423936,0.47333333333333333,0.10303106622888394
2012/13,10,38,150,0.16,38,-0.7118885537526489,0.21911984598991552,-0.05899799646218307,-0.08540350682188136,-0.08370181996504555,0.4666666666666667,0.10477033182938106
2012/13,10,39,150,0.16,38,-0.10796513282997644,0.3591089083270589,-0.06152263935842894,-0.13518117885167946,-0.20017529558384972,0.29333333333333333,0.062254708289404215
2012/13,10,40,150,0.16,38,-0.9123168396286186,3.9142918403843954,0.08788383706777991,-0.02388166868734487,0.13700234299865732,0.18,0.020135652160078538
2012/13,10,41,150,0.16,38,0.28850085296502725,3.416498142516433,-0.05072531108877443,-0.09606091915824277,-0.1727648172964873,0.14,0.02189457459017235
2012/13,10,42,150,0.16,38,-0.9999999998917675,-1.5826499751319876,-0.017922928970371732,-0.006522873731094281,-0.16477619701186064,0.18,0.04893857094691247
2012/13,10,43,150,0.16,38,0.048845249063763196,3.0580825821211803,-0.11929372367211288,-0.18846685284649012,-0.20523877228264154,0.4533333333333333,0.10472167912729446
2012/13,10,44,150,0.16,38,-0.45636502236437737,2.9579346712131436,-0.07942629100126641,-0.07137052548599743,-0.024862294536431073,0.4066666666666667,0.0964538510686641
2012/13,10,45,150,0.16,38,-0.9583109235223128,-0.06886618551681423,0.2013293750691758,-0.015100787897437296,-0.031005494516561427,0.21333333333333335,0.05005865065506257
2012/13,10,46,150,0.16,38,-0.9999999999995892,11.521227353538672,-0.018137553633753245,-0.1160982825610195,-0.03740895923591614,0.14666666666666667,0.04600831882366235
2012/13,10,47,150,0.16,38,-0.9498265597380614,9.568498427877623,0.009467542562040743,-0.05273880634911876,-0.05841278651103676,0.22666666666666666,0.05492978305364401
2012/13,10,48,150,0.16,38,-0.613041392296496,4.1967787913847605,-0.12860462893869984,-0.0638984112696861,-0.17960247810241214,0.38,0.1317088874541655
2012/13,10,49,150,0.16,38,-0.9999999994733844,7.583781725325606,0.2309808118905654,0.043553749708705736,0.042221133420325074,0.3466666666666667,0.07485348630145935
2012/13,40,0,150,0.16,38,-0.3121218649209828,-1.0499782937756788,0.1316495918499716,-0.008903575939014918,0.025526524545718354,0.20666666666666667,0.03395039477631392
2012/13,40,1,150,0.16,38,-0.4431725825837538,2.765384040191911,-0.048475410900060245,-0.04202158730405914,-0.06956771435571107,0.29333333333333333,0.061355276325588536
2012/13,40,2,150,0.16,38,-0.9999999967808108,7.085889310153037,0.07347997702571041,0.09074246685647913,-0.021267140817386343,0.14,0.0206360319966268
2012/13,40,3,150,0.16,38,-0.8256322453543783,4.1770730991787275,-0.019131741048761586,-0.06701283317810314,-0.06936200080054566,0.30666666666666664,0.0522023222829108
2012/13,40,4,150,0.16,38,-0.5291629534696183,2.9172606822501344,-0.019609716015384193,-0.09797672355023046,-0.0695620428896252,0.3333333333333333,0.06273698181150561
2012/13,40,5,150,0.16,38,-0.3825131982300668,5.350470372223599,-0.06547226797667516,-0.0792367461046507,-0.136596298144671,0.3,0.04853092541742003
2012/13,40,6,150,0.16,38,-0.6100626022772111,5.725807206915263,-0.01651626467488332,-0.09780383345191956,-0.05171298663912305,0.35333333333333333,0.049717117778134784
2012/13,40,7,150,0.16,38,-0.4095081254345867,0.15581520724761688,0.0068668209393902835,0.0424592004769917,-0.02663153816138686,0.22666666666666666,0.028324540449013093
2012/13,40,8,150,0.16,38,-0.27332374306423823,0.07566360681271256,0.006514005190994432,0.006707958430087091,-0.0048828100005043895,0.22666666666666666,0.033012155516729855
2012/13,40,9,150,0.16,38,-0.4266311804870274,-0.17493998163503832,-0.0010290066346176907,-0.026996125638433788,-0.03182370030637982,0.34,0.06812232381867366
2012/13,40,10,150,0.16,38,-0.9364772767918599,5.723466999397203,0.027796940706742213,-0.12573192392651755,-0.13854131521097812,0.4266666666666667,0.06336213946025089
2012/13,40,11,150,0.16,38,-0.9999999999910848,0.0014085256876033014,0.024646968833066385,-0.019437813829294437,0.0011062459026116578,0.2,0.0387819661117732
2012/13,40,12,150,0.16,38,-0.5171251745576394,1.2138441969084788,0.03405933136800665,-0.0035817074462020093,0.0568859496968237,0.24,0.04226405004625871
2012/13,40,13,150,0.16,38,-0.41321644531518953,0.9087832240242548,0.05303623250893619,-0.05291245775707398,-0.14165894420331004,0.17333333333333334,0.022517993717901495
2012/13,40,14,150,0.16,38,0.09446214726628566,-0.027053970069777833,0.024763648601309418,0.110785857788118,0.20490860168921277,0.22,0.03479373804758491
2012/13,40,15,150,0.16,38,-0.2935928214081821,0.8490966148912094,-0.10069451719341671,-0.16791363356904876,-0.17782583609452296,0.5266666666666666,0.11296389222863192
2012/13,40,16,150,0.16,38,-0.16697831700140553,-0.26192036579629985,0.04350019880565226,0.13749911962831773,0.0607576483943395,0.26,0.028931181159076124
2012/13,40,17,150,0.16,38,-0.47113788217065156,3.740155149900561,-0.008864063756918839,-0.04418045457395292,-0.09147725446267196,0.26,0.045332323560562805
2012/13,40,18,150,0.16,38,-0.6259233775080213,-1.152337058021308,0.010488587648006753,-0.02479773233753013,-0.01300891542862348,0.31333333333333335,0.06521742204492437
2012/13,40,19,150,0.16,38,-0.1667792281258248,6.4952131570044305,-0.043249517007121874,0.01440893212449712,0.03461285342975895,0.19333333333333333,0.025359938790985595
2012/13,40,20,150,0.16,38,-0.4000022370078876,-6.611572469037492,0.10737380668945162,-0.07124651157179829,-0.0445710433680957,0.29333333333333333,0.05624435252781449
2012/13,40,21,150,0.16,38,-0.5066671705305229,0.3367741084167797,0.0971260028452341,-0.06245245026931656,-0.05792497331065882,0.16,0.03129057327964845
2012/13,40,22,150,0.16,38,-0.5375031270260573,-1.4942292571878255,0.04978364948016201,-0.036259921196894807,-0.12924802074664354,0.25333333333333335,0.027885781850784518
2012/13,40,23,150,0.16,38,-0.8012134214588535,0.14838386611294752,0.05786815344709351,-0.08063876790032565,-0.0948294888648753,0.26,0.051545402859501564
2012/13,40,24,150,0.16,38,-0.7085139230070672,1.9451006430380549,-0.012999834997851956,-0.08941218696355813,-0.10285590972593273,0.5733333333333334,0.12520176992069867
2012/13,40,25,150,0.16,38,-0.22814809362394983,3.6441375421836444,-0.05421667813468045,-0.05427559255179304,0.002537511986609342,0.25333333333333335,0.030954736534785768
2012/13,40,26,150,0.16,38,-0.5771787190492628,0.5103282709397305,-0.12044039769422388,-0.19511730181534503,-0.12876809005508427,0.7066666666666667,0.16872074658523983
2012/13,40,27,150,0.16,38,-0.8616897250174904,0.30607787998135016,0.10680531333464782,0.06793613351012162,-0.07637758233168657,0.17333333333333334,0.019159526297436814
2012/13,40,28,150,0.16,38,-0.304531207677581,-0.2786993568384091,0.021153753151588184,-0.028120666341243883,-0.11880103308891798,0.19333333333333333,0.02062728783711678
2012/13,40,29,150,0.16,38,-0.7936395670258108,0.627935520042433,0.04425407741603782,-0.045832949346034324,-0.06522624527033882,0.14,0.01392278270256877
2012/13,40,30,150,0.16,38,-0.7658581967263485,-1.068777639701219,0.05364885389416996,-0.04101701861027074,-0.06783161062291032,0.17333333333333334,0.017115702095514173
2012/13,40,31,150,0.16,38,-0.5692134102185915,-1.0969344468222193,0.04372568019707046,-0.08009617425435323,-0.1529274872206463,0.35333333333333333,0.054008262775316486
2012/13,40,32,150,0.16,38,-0.6382197075308407,2.9807503348397386,-0.012552774397449062,0.023459841044375374,0.05821665411945398,0.32666666666666666,0.051886177240880835
2012/13,40,33,150,0.16,38,-0.22714568613989372,-2.5221096228087294,-0.03027376288059358,-0.05635239140042958,-0.12354004853539813,0.46,0.09419868772273844
2012/13,40,34,150,0.16,38,-0.25893100212813036,-0.7229588348089369,0.002108012044510277,-0.03955965500811298,-0.03515489644740544,0.2,0.0304247216890963
2012/13,40,35,150,0.16,38,-0.6344693617473771,1.08367323480973,0.04503200258499285,0.02715113574916117,-0.02328144625061901,0.18666666666666668,0.028845192357231028
2012/13,40,36,150,0.16,38,0.04095649017228631,1.9844184600689179,-0.14500550812110746,-0.0456449414076997,-0.06878096144921253,0.5466666666666666,0.1017606650338042
2012/13,40,37,150,0.16,38,-0.9015915334297031,-7.136106281502382,0.26800690789496295,0.07251683231292483,0.14152963485010206,0.19333333333333333,0.010914689860623562
2012/13,40,38,150,0.16,38,-0.6549890573559993,4.654915381300675,-0.03004743234291629,-0.04294559286230193,-0.058603920637682716,0.29333333333333333,0.038832992089107135
2012/13,40,39,150,0.16,38,-0.5922262356927608,-0.488265524959413,0.06859762421581084,-0.025557131868537697,-0.09011961191700535,0.23333333333333334,0.0390610050330808
2012/13,40,40,150,0.16,38,0.07136612700548106,1.0239131162459962,-0.11462811720229549,-0.053655813905931216,-0.1537714245054711,0.44666666666666666,0.08536149353204721
2012/13,40,41,150,0.16,38,-0.19326893243384857,-5.384198003934218,-0.07137494271543599,-0.10440001882206473,-0.16061717088528427,0.5,0.1327452620585033
2012/13,40,42,150,0.16,38,-0.8844631879760354,7.3597704402197675,0.19859151577271184,-0.044477062139034795,-0.07996671695767721,0.4,0.07369675377369433
2012/13,40,43,150,0.16,38,-0.6124984856955387,0.28895217107842264,-0.014532021092100167,-0.0693988020636046,-0.026242081566468456,0.32,0.05270923781614656
2012/13,40,44,150,0.16,38,-0.6294563254209703,5.258070307934371,-0.11708425683707302,-0.15712373452344897,-0.22287698991511262,0.58,0.11373630777245729
2012/13,40,45,150,0.16,38,-0.7869180995481277,-0.04632239606320887,0.11714567043856228,0.005010114005720379,0.06981088125468426,0.15333333333333332,0.01418500679946194
2012/13,40,46,150,0.16,38,-0.39022699953577633,0.03869154966712607,-0.05651348326365002,-0.040066010591597534,-0.02792465431282276,0.48,0.07760465367970894
2012/13,40,47,150,0.16,38,-0.7011602765031468,-0.5321494030402825,0.12275488642342625,-0.0036003718599368906,-0.04873774834544742,0.23333333333333334,0.024749660138978877
2012/13,40,48,150,0.16,38,-0.3893005591800457,4.586412210321459,-0.07519547225942236,0.034634727139887245,-0.041559902192459086,0.30666666666666664,0.05067804969510073
2012/13,40,49,150,0.16,38,-0.9999999997944442,6.655061989091038,0.03313853787985632,-0.07749784555846229,-0.13427943600907044,0.26666666666666666,0.04890181397149398
2012/13,120,0,150,0.16,38,-0.43558588958832734,-0.7603938091446629,0.05797914458799469,-0.10436635678203954,-0.12996678287792685,0.26666666666666666,0.04953378218430168
2012/13,120,1,150,0.16,38,-0.596718823735454,0.33187842386473676,0.08495044323587186,-0.0058426095205317274,-0.05878416066291081,0.14666666666666667,0.012032592180800756
2012/13,120,2,150,0.16,38,-0.5789200556426695,-0.03722031891546074,0.1056087995295174,-0.051390045115302097,-0.02017172201412709,0.18,0.022142513179738726
2012/13,120,3,150,0.16,38,-0.7302116744107807,1.1121974040013818,0.047392977837120265,-0.04266893593030152,-0.10207603856615743,0.22,0.025950660942148186
2012/13,120,4,150,0.16,38,-0.6280358972044504,-5.216565223488297,0.14917063228916172,-0.142319208765327,-0.14292193503386652,0.44,0.08426465644591014
2012/13,120,5,150,0.16,38,-0.5991416142268178,4.699241258068419,-0.082277123250731,-0.11313744105604029,-0.09873494543743533,0.48,0.08489446322201323
2012/13,120,6,150,0.16,38,-0.5677304774485568,0.5962616829565661,0.04197713260171154,-0.07295420097862682,-0.10391511792735253,0.22,0.02990852307143234
2012/13,120,7,150,0.16,38,-0.6083851325629587,-6.490289436879554,0.10299052258648267,-0.023000398053137583,-0.057234060172677736,0.34,0.04915089718486072
2012/13,120,8,150,0.16,38,-0.7474995877191439,0.588430582772844,0.038369969485425814,-0.043632942773857764,-0.03170917941281637,0.3,0.031410990416538456
2012/13,120,9,150,0.16,38,-0.6180546883016699,-2.7974561027062883,0.09132460650448859,-0.09645145072086603,-0.1709278172579176,0.37333333333333335,0.05682238414931025
2012/13,120,10,150,0.16,38,-0.6464814996845542,-6.076334454272411,0.12396081557810268,-0.07528564323001785,-0.048348299545777684,0.44,0.0745165918318213
2012/13,120,11,150,0.16,38,-0.7094962964581463,5.567955163940789,-0.02172456199941164,-0.029440810055440858,0.009885763995914454,0.30666666666666664,0.03582333272967253
2012/13,120,12,150,0.16,38,-0.35728365857927813,0.17523208546633917,0.04700582561638278,-0.03112592981813933,-0.1054674967744349,0.13333333333333333,0.013928652035817415
2012/13,120,13,150,0.16,38,-0.44745772744456636,1.2977379195279042,-0.01667212151924291,-0.0902480830256629,-0.027677835803516015,0.29333333333333333,0.04945865318343902
2012/13,120,14,150,0.16,38,-0.7582090595975982,-6.288522402465487,0.13185196714686298,-0.08384772540796381,-0.1098529794857338,0.36,0.048891058412240895
2012/13,120,15,150,0.16,38,-0.7016828147396124,0.02126543587847074,0.06606874760320003,-0.001289684063362051,-0.010640862286911301,0.21333333333333335,0.022556377758253095
2012/13,120,16,150,0.16,38,-0.3955449783211852,0.10527551151044356,-0.015204754832993661,-0.05040456933910831,-0.05779907164053277,0.36666666666666664,0.04560473273162201
2012/13,120,17,150,0.16,38,-0.3401178038925542,-1.625542331425752,0.0018854414026308053,-0.06890650011763744,-0.05396126098227094,0.30666666666666664,0.04419360322855349
2012/13,120,18,150,0.16,38,-0.5847364512670292,3.2677084905826757,-0.017601324770162075,-0.06527672486634362,-0.17613096169684062,0.2,0.04434942436932023
2012/13,120,19,150,0.16,38,-0.5861198029471535,2.8841450806765003,-0.028776254021470105,-0.10689868596394125,-0.047969835807340266,0.32,0.05032754811321132
2012/13,120,20,150,0.16,38,-0.6566603544465749,1.557539430653847,0.06018045622839163,0.00032163487155267845,-0.0313889962449615,0.28,0.03614431409935691
2012/13,120,21,150,0.16,38,-0.5575957360960568,0.08635068860539974,0.027888131712241693,-0.05233680001929397,-0.1560428719186796,0.14,0.019800417614267374
2012/13,120,22,150,0.16,38,-0.6565026642745084,2.8870402199335246,-0.008374889002758956,-0.10571343248068121,-0.059946643195314175,0.30666666666666664,0.044982706338382764
2012/13,120,23,150,0.16,38,-0.42300331768607613,0.48281304775427003,-0.01972877840519327,-0.11535181722903709,-0.10050501387638366,0.4,0.07008469414237298
2012/13,120,24,150,0.16,38,-0.5406136359727576,5.15398438525262,0.0002882410438909133,-0.045465590528284694,-0.06720113365543867,0.14666666666666667,0.0155084765350282
2012/13,120,25,150,0.16,38,-0.6466053389168915,-1.1186500831177213,0.05737930149671566,0.006761733850203289,-0.03675614286197337,0.2,0.027157028081485728
2012/13,120,26,150,0.16,38,-0.6871452319726198,0.3798192972484795,0.09004744683009203,-0.07597573038831784,-0.12157995864369509,0.21333333333333335,0.027773509707343734
2012/13,120,27,150,0.16,38,-0.3648580769115882,0.29461759258429865,-0.007804003132503179,-0.053212241140060845,-0.06408333756195239,0.36,0.04735958455928391
2012/13,120,28,150,0.16,38,-0.45587104346958185,5.349769499341937,-0.06683710056007042,-0.06784974829105328,-0.07510732649553109,0.26666666666666666,0.03974509486741446
2012/13,120,29,150,0.16,38,-0.5578996458100781,4.290060556791353,-0.029317058000161378,0.01732007543170755,-0.02945897424300581,0.31333333333333335,0.0382707341042704
2012/13,120,30,150,0.16,38,-0.6591380010931531,-0.0018996057642688413,0.04748043878758357,-0.09895595249961886,-0.09537176702933547,0.32,0.045148202670923836
2012/13,120,31,150,0.16,38,-0.35195027254859546,-4.463279564843903,0.17040116134140626,-0.061527216469274504,-0.1308235486759286,0.12666666666666668,0.019922768993336372
2012/13,120,32,150,0.16,38,-0.4627231806476281,5.210479064784959,-0.051193493187480454,-0.031012554150158134,-0.1054908629386454,0.18666666666666668,0.028271151292078495
2012/13,120,33,150,0.16,38,-0.6724416974900155,-0.639535127961544,0.021418019514005238,-0.08220985092357103,-0.11098957023369305,0.35333333333333333,0.0658388481880399
2012/13,120,34,150,0.16,38,-0.5920158877243016,0.28574280390279405,0.03149366010582888,-0.08945810419208067,-0.10771576770432267,0.24666666666666667,0.033813832072761243
2012/13,120,35,150,0.16,38,-0.40829258394023815,-1.0959302779334408,0.02818591697033468,-0.056299618054601375,0.02329280761191521,0.3,0.04096236393529535
2012/13,120,36,150,0.16,38,-0.6009341889097292,10.479627144628983,-0.07853225829897759,-0.05994723181062589,-0.06123958492600601,0.35333333333333333,0.04284541511187642
2012/13,120,37,150,0.16,38,-0.4375713582357953,0.193949017487423,-0.009217147800591796,-0.06506999380465972,-0.10517222586082242,0.37333333333333335,0.05921094669827899
2012/13,120,38,150,0.16,38,-0.40726941464324606,-0.7208532540872081,0.06806997352181243,-0.029558645961492047,-0.03344921980139082,0.21333333333333335,0.023014442561340397
2012/13,120,39,150,0.16,38,-0.4951763972188339,0.19318193115988436,0.02595400124168501,-0.02909422717110255,-0.057214820272357025,0.29333333333333333,0.03717993551776009
2012/13,120,40,150,0.16,38,-0.44986805484249726,-0.09151597555353419,0.001843527450240412,-0.06787051051305815,-0.12521726804919409,0.26666666666666666,0.05015343154064936
2012/13,120,41,150,0.16,38,-0.386056903450373,-0.32038433414388123,-0.007993058925229946,-0.08962523472921102,-0.046423762860593354,0.35333333333333333,0.07093225382621235
2012/13,120,42,150,0.16,38,-0.8679221222933453,4.098589244652251,0.06190414038909453,0.016881489390978555,-0.0029152361345153865,0.14,0.016197858290811086
2012/13,120,43,150,0.16,38,-0.7099621841861223,0.6271849520026382,0.04286531227716206,-0.015118272595604498,-0.07197963166726562,0.15333333333333332,0.021417027445262065
2012/13,120,44,150,0.16,38,-0.579141097246173,1.9615516383600848,0.07215586073288383,-0.030336990384527307,-0.03132446709561898,0.2,0.019851960268668815
2012/13,120,45,150,0.16,38,-0.49611653053100546,4.313399881469596,-0.04571033159878424,-0.12001237564332845,-0.12344787983302685,0.26,0.040971452202982095
2012/13,120,46,150,0.16,38,-0.5803654829632381,0.3693620760135765,0.04728711827324972,-0.05575919184335476,-0.058311756731994735,0.26666666666666666,0.040744680914373436
2012/13,120,47,150,0.16,38,-0.3463403446550869,0.122490131682504,0.019349600822732738,-0.046706356062696464,-0.08008117428370853,0.26,0.01977665842009877
2012/13,120,48,150,0.16,38,-0.530772111937901,0.31915143503288057,0.02343804809573724,-0.03690876365648643,-0.11718413940281958,0.3,0.052603646869575485
2012/13,120,49,150,0.16,38,-0.5714237911830273,6.878856688902875,-0.011282733035862691,-0.03223729374663109,-0.057324293691761175,0.2866666666666667,0.03280805373852202
2013/14,10,0,119,0.0,1,-0.07255850061128954,-0.3385238723023125,-0.04189566485391871,-0.12040286873432304,-0.22232577108766027,0.16806722689075632,0.05231369090604967
2013/14,10,1,119,0.0,1,-0.9999999999963713,-3.740211526419799,0.27987836113387954,0.022622773106113048,-0.023171523040835806,0.40336134453781514,0.09033973558972726
2013/14,10,2,119,0.0,1,0.6164928029716106,2.603724309564587,0.12435668620026785,0.14889766564994567,0.1965657282273614,0.5294117647058824,0.20985194880896194
2013/14,10,3,119,0.0,1,-0.9968960419801216,0.6728971735590701,0.09307732661920665,-0.05535802339299323,-0.044647060868633126,0.23529411764705882,0.07971536452674231
2013/14,10,4,119,0.0,1,0.9485953649861283,-0.21292240957012076,0.11252041346702857,0.08339067191593519,0.027290192065245966,0.46218487394957986,0.170441925584328
2013/14,10,5,119,0.0,1,-0.9999999999999998,4.597326182787437,-0.004893297106458361,-0.03449898424705333,-0.07279313402105159,0.17647058823529413,0.04291423229962762
2013/14,10,6,119,0.0,1,10.678234196910402,0.053279517726378955,0.09571659501556673,0.097065997662787,-0.008634911655088007,0.6974789915966386,0.1945131954972889
2013/14,10,7,119,0.0,1,-0.09065476823251084,0.05033300570799604,-0.02119256465024255,0.04413968673683022,0.15283791493649113,0.17647058823529413,0.04540289952418713
2013/14,10,8,119,0.0,1,-0.21395865529425917,0.3650360645376036,0.13093181662267983,0.24980238617211947,0.2669163488620425,0.6722689075630253,0.11900113140154987
2013/14,10,9,119,0.0,1,-0.9999999999726061,-5.3388832397784896,0.04640903414430242,-0.020389866184594707,0.0005927627986666018,0.20168067226890757,0.047120826876941184
2013/14,10,10,119,0.0,1,-0.8604605234268068,1.3534565691867506,0.24086438378689512,-0.09778620495671542,-0.10020205494654022,0.21008403361344538,0.04482803229314115
2013/14,10,11,119,0.0,1,3.9183338985272043,-3.354396100648609,-0.026393043038676955,-0.05375122250171405,-0.06105158588376636,0.18487394957983194,0.03922731757033942
2013/14,10,12,119,0.0,1,-0.9999999999959702,0.0007077648807154446,-0.04665827965856917,-0.04285302386168088,-0.12990438091391643,0.3865546218487395,0.08714355715146452
2013/14,10,13,119,0.0,1,-0.9999999997371002,-4.77611696673708,0.05036302890205513,0.01550327722817646,0.1044684150147126,0.08403361344537816,0.016326356652814865
2013/14,10,14,119,0.0,1,17916669870.804287,-5.492356932707143,-0.12228610738474677,-0.14434996644319398,-0.16720753332414207,0.10084033613445378,0.016067907698970835
2013/14,10,15,119,0.0,1,-0.9999999999988567,-3.84417674190729e-05,-0.04712217402914476,-0.041329511263924035,-0.0023895057860578994,0.3277310924369748,0.05037220525103589
2013/14,10,16,119,0.0,1,10.07021129622034,0.017856334996066536,0.15702219508177606,0.11928271320154016,-0.05559393013836056,0.46218487394957986,0.1570222142110496
2013/14,10,17,119,0.0,1,1.1282156883130523,-0.5983466861569067,-0.02168363935995765,0.0683022852696189,0.3973325821647893,0.25210084033613445,0.04988806404125876
2013/14,10,18,119,0.0,1,-0.2758308584073611,0.21487259009368032,0.0438117860604228,-0.10118031245159131,-0.09449053331344393,0.226890756302521,0.039216184891774565
2013/14,10,19,119,0.0,1,-0.6967244724499477,-1.7747377613889164,-0.3594991588561216,-0.24434123136334762,-0.3013785682733279,0.9915966386554622,0.36767072680209717
2013/14,10,20,119,0.0,1,0.5961426198740258,0.3245841418392317,-0.08607869022084713,-0.05146390005055379,0.12386425795844791,0.3277310924369748,0.0747307358544651
2013/14,10,21,119,0.0,1,-0.08191072727059878,0.37489405350668115,-0.09098027315292245,-0.13558320972709503,-0.30662129000243443,0.42857142857142855,0.08863985319502256
2013/14,10,22,119,0.0,1,-0.3899824382046777,-0.03604949255238843,-0.028121930605253476,0.11267596498683519,-0.3995276346725012,0.31932773109243695,0.05887740932682804
2013/14,10,23,119,0.0,1,0.10502399536166629,1.1902355068984285,-0.004169605097770979,0.06862739104599602,-0.05966132762446319,0.15966386554621848,0.02672267314264347
2013/14,10,24,119,0.0,1,-0.9999999999927779,0.5094045811101644,0.08614429426980452,0.040810972321796424,-0.04394516328938014,0.18487394957983194,0.055093453515725234
2013/14,10,25,119,0.0,1,0.8338903322160267,0.32975794436654127,0.14102121750377417,0.06523627090461259,-0.052471039371894124,0.5798319327731093,0.16064388710476654
2013/14,10,26,119,0.0,1,-0.3791103737711141,4.915021082193686,-0.18931607202882983,-0.08997970702769309,0.0004390616891023491,0.4789915966386555,0.1672949907769561
2013/14,10,27,119,0.0,1,0.7759151384590814,-0.18330730491413938,0.13293495242253672,0.10314945038082257,0.13952963798783635,0.5546218487394958,0.18314367868200196
2013/14,10,28,119,0.0,1,2.9723020166460326,-0.26876327259675925,-0.08986124493598091,0.1786762733360161,0.1257084139252438,0.08403361344537816,0.014623124952476281
2013/14,10,29,119,0.0,1,-0.9999999996229371,-6.8557036702004055,0.0934436530809526,-0.09559104613547198,-0.14919352537053943,0.14285714285714285,0.03385027863156073
2013/14,10,30,119,0.0,1,-0.14570263748144108,1.7847534617042218,-0.0673160582793868,-0.10343509641636106,0.012806780045653055,0.2605042016806723,0.05240012359282616
2013/14,10,31,119,0.0,1,4.6239200622524415,-1.3776111528181616,0.009930953779030638,0.016136300097199907,0.026379796200985295,0.33613445378151263,0.07655184132559562
2013/14,10,32,119,0.0,1,-0.939296430126993,-3.927524971913954e-12,0.023656852293610253,0.04326129720090899,0.0628680564158195,0.16806722689075632,0.019728864912367056
2013/14,10,33,119,0.0,1,0.4043413510414724,-0.7960201425489419,0.07005318173683595,-0.053789478438313054,-0.12133922900315253,0.2605042016806723,0.09181237074444071
2013/14,10,34,119,0.0,1,8.930737161198921,1.1690825343557165,-0.13617649266674958,0.01649734334225883,-0.010363287453756698,0.13445378151260504,0.037055535630212875
2013/14,10,35,119,0.0,1,0.43706921047070457,-0.11490189658074179,0.06287506706189094,0.11779606926748043,-0.013209423606132975,0.3865546218487395,0.08281790960005934
2013/14,10,36,119,0.0,1,3.7552078524335197,-1.73285603242255,-0.08354041482969876,0.016642845232388126,0.0021782477718716997,0.07563025210084033,0.0167333501954134
2013/14,10,37,119,0.0,1,9.61550771234623,3.4569326644800267,-0.18522072982561533,-0.20624311856893152,-0.007251429799953413,0.17647058823529413,0.07593847330577863
2013/14,10,38,119,0.0,1,-0.29220968256664803,-0.10877318646384815,0.03303402557434976,-0.06382184025077964,-0.0920612848178457,0.15126050420168066,0.0309850662048921
2013/14,10,39,119,0.0,1,1.2244717111671983,0.08315829599494151,-0.10298191810771706,0.023702199378541344,0.015508751927519437,0.2773109243697479,0.056437615966489114
2013/14,10,40,119,0.0,1,0.05868522657902098,5.533597378992971,-0.07809279390628898,0.07539153201785997,-0.11059856785421085,0.21008403361344538,0.05840741871047473
2013/14,10,41,119,0.0,1,-0.060774214840175644,-1.2157204521637741,-0.05917611688101432,-0.12456174230928807,-0.14971490488579642,0.4117647058823529,0.07947008171440086
2013/14,10,42,119,0.0,1,-0.9999999999295326,6.586904173783472,0.1179417012092101,0.09615887125182265,0.008420752151278244,0.37815126050420167,0.10689030217097342
2013/14,10,43,119,0.0,1,1.2210273001252667,-2.4765816866442805,-0.056712356934271346,-0.1349743785415669,-0.15592715203244156,0.226890756302521,0.040747033774096164
2013/14,10,44,119,0.0,1,-0.9999887720529149,-5.2846752087627475,0.1443182938044485,0.13251603753248054,0.19135731433891645,0.453781512605042,0.1443182951900593
2013/14,10,45,119,0.0,1,0.43996098262003946,-0.06220935759103341,0.22479565824059855,0.035392731061614224,-0.06380674622539861,0.7058823529411765,0.2467650618749738
2013/14,10,46,119,0.0,1,2.8677307387851587,-5.712058677245567,0.050950080520894225,0.060612941655710406,0.05821545623242441,0.19327731092436976,0.048784688812887375
2013/14,10,47,119,0.0,1,-0.07897110908258309,0.23971005815355184,0.020392202646367874,-0.02429063783249552,-0.09035488331920016,0.15966386554621848,0.046887139801288405
2013/14,10,48,119,0.0,1,-0.99999999998305,-11.99038188702374,0.09565843262245743,0.042227099376177524,-0.07238646786844605,0.15966386554621848,0.03451123761611793
2013/14,10,49,119,0.0,1,1.4862102717613666,0.448136599154525,0.09537148738108847,0.10595220420794571,-0.16562418408544433,0.5462184873949579,0.14991570536268736
2013/14,40,0,119,0.0,1,-0.18958387952820832,-0.6949517910990775,0.01994812512929034,0.034691855444599407,0.0225799072112296,0.14285714285714285,0.017030055291060126
2013/14,40,1,119,0.0,1,1.2387496180192605,-1.6615714897225562,-0.0010975488508450093,0.15423982247439016,0.10800427028887571,0.3025210084033613,0.05053523365551952
2013/14,40,2,119,0.0,1,0.0007501158382439144,-0.12564878800363033,0.036408076653035026,0.030453809778491436,-0.00642964697318138,0.24369747899159663,0.034939816252299784
2013/14,40,3,119,0.0,1,0.3674537439464278,-0.3834420217873724,-0.10587850985236347,-0.07222283510799021,-0.08781248516723905,0.5294117647058824,0.08073585534054414
2013/14,40,4,119,0.0,1,0.3177539688028965,-0.45849353383317215,0.004546145228430554,-0.04534009748868317,-0.11198444549967745,0.21008403361344538,0.024228111098940616
2013/14,40,5,119,0.0,1,3.0926393529788836,-1.654543343761711,-0.051153853914724934,-0.04938081674068473,-0.07991957863631594,0.2605042016806723,0.03723720385312986
2013/14,40,6,119,0.0,1,-0.10301976518426836,-0.9152115919004444,0.03613859637251915,-0.03907654832615903,-0.021238486244096078,0.21008403361344538,0.02694767866059967
2013/14,40,7,119,0.0,1,2.7662703668049287,0.6036001184999442,-0.09538824506255217,-0.014071039002163332,0.004687251974159201,0.2689075630252101,0.030681865084278802
2013/14,40,8,119,0.0,1,1.6008526127019742,-2.2574796912969486,0.00726137638731994,0.07223257645495829,0.05391648717857245,0.31932773109243695,0.05957809604571625
2013/14,40,9,119,0.0,1,2.860591839777556,1.1783405858312221,-0.005289422559920265,0.14826897664017125,0.0760456413850501,0.5966386554621849,0.09969471904515043
2013/14,40,10,119,0.0,1,0.009624785103161448,0.621021177511448,-0.0517173352183502,0.0013386699980637573,-0.004113375379271811,0.36134453781512604,0.04619276699926452
2013/14,40,11,119,0.0,1,0.6017848400901957,-1.647088261796716,0.06202985006471873,0.02578789010717797,0.052391800850315695,0.4369747899159664,0.07663495168624425
2013/14,40,12,119,0.0,1,0.1504629423421897,2.121636863060294,0.060276788443118345,0.14479541525573003,0.09366813414319397,0.5882352941176471,0.0991362972521508
2013/14,40,13,119,0.0,1,-0.1743176804279274,-0.948365713197898,0.050032623330256376,0.053425720696002044,0.12643243301204632,0.23529411764705882,0.029362363619408093
2013/14,40,14,119,0.0,1,5029486653.736114,0.4888933498307022,0.009197367284701219,0.07618060767000334,0.006979854723886625,0.31932773109243695,0.048977389136067924
2013/14,40,15,119,0.0,1,0.030451368724752736,-0.9436256317605984,0.044992819472321255,-0.012676503823251473,-0.03592815266241933,0.36134453781512604,0.04442621809415808
2013/14,40,16,119,0.0,1,1.4266204198824335,-6.474478307382391,-0.04805432442710467,0.03575070659338442,-0.028333577067071736,0.31092436974789917,0.03258217854692958
2013/14,40,17,119,0.0,1,-0.9999999999991706,6.75245035778512,0.055167654729030735,0.037097956229890094,-0.04392894597493113,0.16806722689075632,0.021354541973602863
2013/14,40,18,119,0.0,1,-0.2825138367561727,2.163152628412785,-0.0191171463874783,-0.040143807890252625,-0.05063290522754793,0.14285714285714285,0.023161664463339664
2013/14,40,19,119,0.0,1,1.3898863640985137,1.014950687788879,-0.02335136938313398,0.1234388211571027,0.1527132522404464,0.226890756302521,0.0363931914663541
2013/14,40,20,119,0.0,1,1.4075153936431954,-0.029736381760251618,-0.13395525383954265,0.03666418545499517,0.058866808164366846,0.35294117647058826,0.051221367623997115
2013/14,40,21,119,0.0,1,-0.28654037393669174,-0.4234661703394931,0.02217025952839702,0.012476382679646791,-0.016294065921664158,0.11764705882352941,0.01776431393909263
2013/14,40,22,119,0.0,1,324548750201.03326,-3.9770066188833635,-0.06447131332085654,0.05997683296905243,0.04462325710009307,0.18487394957983194,0.021324947301728413
2013/14,40,23,119,0.0,1,-0.3031698594448814,-0.4264928259376912,0.026363653168268275,-0.02615619727683527,-0.1678050662298084,0.11764705882352941,0.013332497918301853
2013/14,40,24,119,0.0,1,4.812016340332296,0.6701370651082073,-0.010086222831728886,0.008815536938436175,0.06442300517525212,0.2605042016806723,0.029151904502091073
2013/14,40,25,119,0.0,1,0.0008705268633220076,0.4564315997329267,0.009372732762453984,0.04482542026265657,-0.0699142924275008,0.17647058823529413,0.02108909691409307
2013/14,40,26,119,0.0,1,-0.9029623047515858,7.222068155979313,0.03765890944510564,0.05495673495345432,0.05063357277175484,0.12605042016806722,0.017140923624423605
2013/14,40,27,119,0.0,1,0.534355849168793,0.872033472744997,-0.07446283138159948,-0.050948670578501276,0.007101657518077342,0.09243697478991597,0.016185480025930263
2013/14,40,28,119,0.0,1,-0.3723276688069074,1.8118754559668702,0.01095813290797687,0.015161892761933693,-0.08923951727970969,0.06722689075630252,0.009770358935565339
2013/14,40,29,119,0.0,1,0.7787754109648464,-0.3844080370417462,-0.02922894649284269,0.03392856550435153,-0.019649387172253174,0.18487394957983194,0.026692476508596397
2013/14,40,30,119,0.0,1,0.29874009938831225,-0.0544444358262659,-0.011287032934504615,0.09048906072646257,0.06052545464816683,0.14285714285714285,0.02158211977708871
2013/14,40,31,119,0.0,1,0.07841604940537983,0.5595854530939768,0.07633600051632028,0.006339610267963147,0.09490518991384622,0.47058823529411764,0.08011839696182171
2013/14,40,32,119,0.0,1,0.0987678524103659,0.6251033238434864,-0.015793650694587602,-0.038727912799210285,-0.008191050152918211,0.12605042016806722,0.009781343433986968
2013/14,40,33,119,0.0,1,0.658143252503794,0.5814870067448137,-0.058819920495183586,-0.013896756068287774,-0.09326263648420219,0.08403361344537816,0.013692735334545462
2013/14,40,34,119,0.0,1,-0.11913858250863285,-1.614044300486265,0.017952925326217173,-0.03467260423741625,-0.12629099977056468,0.25210084033613445,0.022572214561632015
2013/14,40,35,119,0.0,1,0.8860689897252163,-0.16839340436071204,-0.1916188796055308,-0.09438482826644012,-0.11027802440966183,0.7983193277310925,0.15894301645538422
2013/14,40,36,119,0.0,1,0.8509057196132757,-0.5459596234702335,-0.12028899499092216,-0.05388755084705643,-0.06422749254791071,0.5210084033613446,0.08198527068611722
2013/14,40,37,119,0.0,1,1.548658723604654,-0.400178284861612,0.013327629328842239,-0.0023549952713841638,0.02620137076401563,0.3865546218487395,0.05110187309063101
2013/14,40,38,119,0.0,1,-0.5811512423217227,1.7098752483856376,-0.053455944477937334,-0.014397833815703032,-0.009128624519934458,0.4789915966386555,0.0734898864159788
2013/14,40,39,119,0.0,1,-0.27105314645461975,-0.1508128281199852,0.04713901763112083,-0.032178313532386316,-0.08919830151313601,0.24369747899159663,0.029745173460173694
2013/14,40,40,119,0.0,1,0.00772373180149466,-0.7874426709986544,0.04637057009428558,-0.02285475006483917,-0.06136057359903291,0.2857142857142857,0.037484019036135546
2013/14,40,41,119,0.0,1,-0.36230556962523575,1.5709450523383293,0.03482961376054661,0.024536991606128877,0.01572472018193527,0.20168067226890757,0.028379957438322372
2013/14,40,42,119,0.0,1,1.8648115540975896,-3.5831846839293533,0.004371962609983626,0.029521587562190366,-0.019824596448371312,0.2857142857142857,0.03978640161826537
2013/14,40,43,119,0.0,1,0.8000333323756368,-0.005032527787665941,0.1407483353840948,0.10954798103334817,0.04782282020332196,0.5798319327731093,0.17057534795925405
2013/14,40,44,119,0.0,1,0.05627914362585562,-0.28156638284282387,-0.014732931042229613,-0.027362660885004608,-0.1433527131991601,0.18487394957983194,0.028760451122701747
2013/14,40,45,119,0.0,1,-0.40246979547175865,-0.6285296308416957,0.037692150128505686,-0.008556225770134707,0.016003048764340777,0.13445378151260504,0.011486388780618702
2013/14,40,46,119,0.0,1,1.6430985289861826,0.3733678540734342,0.0445380204226713,0.10054576461517595,0.12227305878311578,0.5630252100840336,0.09079595282014703
2013/14,40,47,119,0.0,1,0.2540489222719928,1.1557383726589219,-0.07611111100550616,0.07916043724789668,0.06958301920816323,0.25210084033613445,0.03509766550393359
2013/14,40,48,119,0.0,1,0.5460576234757206,0.5935146810867007,-0.022663884910483656,0.050707520886009716,0.009108562345493176,0.09243697478991597,0.0137051210744938
2013/14,40,49,119,0.0,1,-0.1393637622683237,-0.2470519877701456,-0.03909042921837946,-0.011676575280530677,0.072988577438998,0.35294117647058826,0.04916821096806579
2013/14,120,0,119,0.0,1,1.125499973413978,0.40260345052874413,0.0171701509306581,0.04290212716923336,0.04624415936058912,0.40336134453781514,0.061593454851175164
2013/14,120,1,119,0.0,1,0.4447909550352658,-0.3822322932321107,-0.02913932649943618,0.04947632736731955,-0.0021673120328493667,0.15966386554621848,0.01620862912581128
2013/14,120,2,119,0.0,1,-0.07747149835327038,-0.006153371886149728,0.061406879284715554,0.02447098713412199,0.03032643380412181,0.4369747899159664,0.05609688625251382
2013/14,120,3,119,0.0,1,0.22254839916072666,-0.24365982739873004,-0.012461265410445677,0.014208819570294073,-0.0472766116150114,0.10084033613445378,0.009157964853652376
2013/14,120,4,119,0.0,1,0.0879227425417648,-0.059798108426171837,0.037830308685158576,0.07214659905275123,0.045946133686958435,0.33613445378151263,0.04047721943049965
2013/14,120,5,119,0.0,1,-0.014182941905945823,0.00224380746722197,-0.01623674431524147,-0.007908022625796263,-0.015040940546127257,0.23529411764705882,0.02237627462198978
2013/14,120,6,119,0.0,1,0.15244768598594138,0.2691544827255594,-0.015527237614144207,0.014492016791760598,-0.015201010370860857,0.11764705882352941,0.0069243368053340994
2013/14,120,7,119,0.0,1,0.7812820137592431,1.495380858227536,-0.00994166787870121,0.08925180397302634,0.04856936691187541,0.37815126050420167,0.048284622898117635
2013/14,120,8,119,0.0,1,0.02218136447145369,0.6196151982228209,0.043019320940740347,0.056093526510859304,0.05395127702849689,0.37815126050420167,0.0465363402213444
2013/14,120,9,119,0.0,1,0.29139218585727944,-0.258496718432216,-0.024504525489766338,0.013381929123680969,-0.013790061105499074,0.14285714285714285,0.01251677129642083
2013/14,120,10,119,0.0,1,0.16263423668719157,0.4720704872247623,-0.004174921303147783,0.014352709503842931,0.010303760323552957,0.16806722689075632,0.016513846922738388
2013/14,120,11,119,0.0,1,1.466540223091965,-0.38705879730416903,-0.016260241597492286,0.010044899117015671,0.02585924295813702,0.19327731092436976,0.014694898740750187
2013/14,120,12,119,0.0,1,0.042011174411215935,-0.2288696162835162,0.015281161934101561,-0.004660527711442097,-0.051569170445224355,0.19327731092436976,0.016985855031179012
2013/14,120,13,119,0.0,1,0.24087043287685628,-1.6020819534716821,0.048318632072674506,0.0031200405746636406,-0.024249160374769207,0.4369747899159664,0.046047898210872774
2013/14,120,14,119,0.0,1,2.8036836621321948,-0.30756671007434555,-0.03299188945287357,0.10609092313872681,0.07589277585744436,0.33613445378151263,0.04820137535612084
2013/14,120,15,119,0.0,1,0.9987282499494519,-2.1633659430430914,-0.014546173964080755,0.02843842547053299,0.029332817603690664,0.14285714285714285,0.012340932941874133
2013/14,120,16,119,0.0,1,-0.201209172119986,1.3983943759357533,0.014460365724742852,-0.00433918707602432,0.02808571896976475,0.17647058823529413,0.014227841470096517
2013/14,120,17,119,0.0,1,0.20721510875329208,-0.4724287223128041,0.010923228867406598,0.06984415992962445,0.03074316435324187,0.20168067226890757,0.023529794744672296
2013/14,120,18,119,0.0,1,0.22652174886662335,-0.2824903959945484,-0.01361859827900258,0.07645775351216533,0.05765445424283677,0.15126050420168066,0.013986652949028119
2013/14,120,19,119,0.0,1,-0.4837856935430287,1.2472368166758887,-0.01524345519026793,-0.042663407643720785,-0.06117135076967106,0.2773109243697479,0.02684824586451204
2013/14,120,20,119,0.0,1,0.25529004721250503,0.25756424307571457,-0.0520643689933431,0.02832419374710926,-0.016518912884110448,0.23529411764705882,0.027213149845109297
2013/14,120,21,119,0.0,1,1.052130735704242,1.5618090290492699,-0.03822818174627074,0.08513333291295955,0.05304527871895326,0.2184873949579832,0.02918203852884887
2013/14,120,22,119,0.0,1,0.12140768151588599,-0.006533032104579561,-0.005897213454155392,0.039270806468937325,0.06307609561654126,0.18487394957983194,0.0160544783468842
2013/14,120,23,119,0.0,1,-0.1229855901551985,-0.017351144249939665,0.014288853092563558,-0.018023575358529165,-0.024994171332164195,0.15126050420168066,0.013781362229323876
2013/14,120,24,119,0.0,1,0.35384162360642213,-0.5396973853793963,0.008829867816655845,0.06870102531783151,0.05657652785401046,0.20168067226890757,0.02724851810937523
2013/14,120,25,119,0.0,1,0.5477411692075067,-0.1585709708054459,0.015302959496813706,0.06417554796361591,0.028604421568817928,0.31932773109243695,0.03236592019464355
2013/14,120,26,119,0.0,1,0.329256496554573,0.2827245889001695,-0.0017713807584954777,0.05489108437801704,0.07818480628832547,0.226890756302521,0.02198579456903741
2013/14,120,27,119,0.0,1,0.6845205048359337,0.47776825240707055,-0.06499382157593014,0.0208880312280868,0.0022509180437053633,0.3025210084033613,0.021943249691182394
2013/14,120,28,119,0.0,1,0.1863117618114083,0.6721657791631888,-0.0539273439896335,-0.060822361785243806,-0.15764087930187387,0.3277310924369748,0.03760944557532272
2013/14,120,29,119,0.0,1,-0.16309204483115358,0.07292726449224318,0.03767916978033514,-0.027343135974975286,-0.03624615284627386,0.20168067226890757,0.02494755746184845
2013/14,120,30,119,0.0,1,0.34927711515086046,-0.03833736907788854,0.041175505143523417,0.09826296765212827,0.08651224907339561,0.47058823529411764,0.06190390640253982
2013/14,120,31,119,0.0,1,0.6409618910849897,-0.1750798409175527,-0.055772616689578114,0.001755088465122956,-0.05322992251345782,0.226890756302521,0.024918787699383688
2013/14,120,32,119,0.0,1,0.12794599659941208,-0.5430696514357791,0.019807049552021505,-0.0073143201986495265,0.03666300477005402,0.24369747899159663,0.022140059285111768
2013/14,120,33,119,0.0,1,0.7071982042004619,-0.21329197278197043,8.706140147762831e-05,0.05480560337435869,0.012848163939771506,0.37815126050420167,0.04695204763086565
2013/14,120,34,119,0.0,1,0.09931257805616212,-0.03929329735232834,-0.005231186231485996,0.03039429711236985,0.045445176497280304,0.15966386554621848,0.014460195879104784
2013/14,120,35,119,0.0,1,0.13318366170052176,0.13522405067083199,0.03469004392374986,0.022941367068186613,-0.01262608627213313,0.33613445378151263,0.04195523222562389
2013/14,120,36,119,0.0,1,0.24261063866956833,-0.12729006476640592,-0.02567825600497642,-0.03363036563063948,-0.04248497463830081,0.13445378151260504,0.013058637112857307
2013/14,120,37,119,0.0,1,0.7276794272619242,-0.26155292944014974,-0.008483507355861675,0.09876955909564522,0.06524819193630638,0.31092436974789917,0.033679657737984155
2013/14,120,38,119,0.0,1,0.12405812688730644,0.7879615678172094,-0.025331698405148595,-0.007086490013005764,0.030186767086689104,0.10084033613445378,0.00945244872717252
2013/14,120,39,119,0.0,1,1.0950373473431037,-1.1403154344406463,0.025554432276972516,0.03098418711556894,0.03557504102617148,0.44537815126050423,0.05455805155284648
2013/14,120,40,119,0.0,1,0.7283017194676125,0.04278602334583148,0.0038404697828462453,0.0711621258816344,0.043436599273711574,0.31932773109243695,0.04681042690395267
2013/14,120,41,119,0.0,1,-0.09232951609980344,-0.4583338461762452,-0.045220124462160505,-0.06662449851464658,-0.08883856731263085,0.36134453781512604,0.04995729948537895
2013/14,120,42,119,0.0,1,0.8301740504606372,0.017232078023782904,0.03329210527441151,0.048233722767588416,0.05507466719331,0.48739495798319327,0.06663478805879373
2013/14,120,43,119,0.0,1,0.9278825146889598,0.2518506230514568,-0.04690687480335709,0.014448225623768352,0.0009440961153832639,0.13445378151260504,0.009508337515197572
2013/14,120,44,119,0.0,1,-0.22217579633736628,-0.16922410991025139,0.040689392034852334,0.019301843969408372,0.08614172950534416,0.3025210084033613,0.028272544569564878
2013/14,120,45,119,0.0,1,-0.4577544616090329,0.25792075734418773,-0.0006983942183953484,-0.01565662876772267,-0.12825148631673355,0.20168067226890757,0.021761516914997423
2013/14,120,46,119,0.0,1,0.3164319576863137,0.6520737833038801,-0.007803102537284556,-0.004319422203587164,-0.051611112693399575,0.20168067226890757,0.02709632002965875
2013/14,120,47,119,0.0,1,1.4344657166273311,-0.15474670775007127,-0.014846750890345484,0.04534675194605997,0.0878517718772851,0.35294117647058826,0.03638363200217115
2013/14,120,48,119,0.0,1,0.42481919964726655,-0.026383338573078063,0.01396539128937535,0.05326717945634574,0.10251454673957716,0.24369747899159663,0.02619531658941083
2013/14,120,49,119,0.0,1,0.827404603047678,-0.27642437694845867,-0.03842304398051388,0.04002010123401201,0.017631024966245246,0.14285714285714285,0.020632287239460367
