fit,station,N,s0 (kW/K),T_h,P_base/N (kW),r2
(a) own LCL days vs HadCET,-,2399,0.01152214920065781,17.576383136764264,0.3340948664528814,0.8433845261641527
(b) mapped vs station T,G001,2399,0.012643744962998584,15.427948873656492,0.3399433428686765,0.8363090585730357
(b) mapped vs station T,G002,2399,0.01277919028602615,15.905599112591327,0.3365705133141703,0.824486908843714
(b) mapped vs station T,G005,2399,0.0137745845808637,13.932292775606232,0.3493866715496728,0.8304640647878964
(b) mapped vs station T,G006,2399,0.012463369839528773,15.575644296085148,0.34114190780647435,0.8423746995529082
(b) mapped vs station T,G007,2399,0.013946396165565167,14.078803872785452,0.3447524862525061,0.8648519159008743
(b) mapped vs station T,G008,2399,0.012174283647204635,17.270929831069665,0.3327308384099282,0.8116250768023143
(b) mapped vs station T,G009,2399,0.013052829825320892,15.164190752681503,0.34109045069164745,0.8475685535866213
(b) mapped vs station T,G010,2399,0.011559964020605282,17.517533061919217,0.3363248875907024,0.7933235276799078
(b) mapped vs station T,G011,2399,0.011339974458623841,17.865127613170593,0.332019512807825,0.7926132933684735
(b) mapped vs station T,G012,2399,0.012050782120390896,16.612196521336404,0.33702898730269154,0.7857814613948059
(b) mapped vs station T,G013,2399,0.011747666725977228,17.00898641880518,0.3369130445588253,0.8315587246882715
(b) mapped vs station T,G014,2399,0.013026679975432129,15.070778229079828,0.3429877943596451,0.8044310691232412
(b) mapped vs station T,G016,2399,0.01163885559343663,17.29517300760947,0.3335141085936225,0.8214411111604217
(b) mapped vs station T,G018,2399,0.012872451544614862,15.443438069948405,0.34070783129956,0.8220363163559898
(b) mapped vs station T,G021,2399,0.011687963197142631,17.176999380886787,0.335098779265507,0.8242950708316384
(b) mapped vs station T,G022,2399,0.01125387765200796,17.955874748931663,0.3341514424688428,0.817556944602019
(b) pooled over stations,16 stations,2399,0.012201700396703914,16.345783193391263,0.33702303815719087,0.8158549140662691
