split_seed,n_substations,hinge_inside_net,hinge_inside_hp,at_bound_net,coincpeak_gt_peak,failed_net_fit,failed_hp_fit
0,570,1.0,1.0,0.0350877192982456,297,0,0
1,570,1.0,1.0,0.0789473684210526,286,0,0
2,570,1.0,1.0,0.0228070175438596,303,0,0
3,570,1.0,1.0,0.0526315789473684,293,0,0
4,570,1.0,1.0,0.0245614035087719,286,0,0
5,570,1.0,1.0,0.0105263157894736,269,0,0
6,570,1.0,1.0,0.0350877192982456,272,0,0
7,570,1.0,1.0,0.0157894736842105,268,0,0
8,570,1.0,1.0,0.0280701754385964,295,0,0
9,570,1.0,1.0,0.0140350877192982,278,0,0
