split_seed,cap_def,n,lc_draw,pilot,b,m,T_h,cap,n_hh,s0,s_h,P_base,N,s_whole,s0_sum,arm,family
0,hp_peak,62,0,all,0.032269579927475645,0.025173589647121915,12.9067822702019,237.63211971449982,62.0,,,,,,,q3,physics
0,hp_peak,62,0,G001,0.030460744319824706,0.02631842283529354,12.320783909990842,65.91351195120859,17.0,,,,,,,q3,physics
0,hp_peak,62,0,G002,0.03495364337339467,0.023453414434894827,12.961768043332555,65.22108685708066,18.0,,,,,,,q3,physics
0,hp_peak,62,0,s0map:G001,,,15.427948873656492,,,0.012643744962998584,30.332344166233604,815.524079541955,2399.0,,,q3,physics
0,hp_peak,62,0,s0map:G002,,,15.905599112591327,,,0.01277919028602615,30.657277496176732,807.4326614406946,2399.0,,,q3,physics
0,hp_peak,62,0,s0map:G003,,,17.501407659664707,,,0.01105845028100914,26.529222224140927,805.7713107270429,2399.0,,,q3,physics
0,hp_peak,62,0,s0map:G005,,,13.932292775606232,,,0.0137745845808637,33.04522840949202,838.178625047665,2399.0,,,q3,physics
0,hp_peak,62,0,s0map:G006,,,15.575644296085148,,,0.012463369839528773,29.899624245029525,818.399436827732,2399.0,,,q3,physics
0,hp_peak,62,0,s0map:G007,,,14.078803872785452,,,0.013946396165565167,33.457404401190836,827.0612145197622,2399.0,,,q3,physics
0,hp_peak,62,0,s0map:G008,,,17.270929831069665,,,0.012174283647204635,29.20610646964392,798.2212813454177,2399.0,,,q3,physics
0,hp_peak,62,0,s0map:G009,,,15.164190752681503,,,0.013052829825320892,31.313738750944818,818.2759912092622,2399.0,,,q3,physics
0,hp_peak,62,0,s0map:G010,,,17.517533061919217,,,0.011559964020605282,27.73235368543207,806.843405330095,2399.0,,,q3,physics
0,hp_peak,62,0,s0map:G011,,,17.865127613170593,,,0.011339974458623841,27.204598726238597,796.5148112259722,2399.0,,,q3,physics
0,hp_peak,62,0,s0map:G013,,,17.00898641880518,,,0.011747666725977228,28.18265247561937,808.2543938966219,2399.0,,,q3,physics
0,hp_peak,62,0,s0map:G016,,,17.29517300760947,,,0.01163885559343663,27.921614568654476,800.1003465161004,2399.0,,,q3,physics
0,hp_peak,62,0,s0map:G018,,,15.443438069948405,,,0.012872451544614862,30.881011255531053,817.3580872876445,2399.0,,,q3,physics
0,hp_peak,62,0,s0map:G019,,,14.77113644920331,,,0.013134690822003274,31.51012328198585,822.5511982704191,2399.0,,,q3,physics
0,hp_peak,62,0,s0map:G020,,,17.239150685044716,,,0.01185221284190208,28.43345860772309,798.7087434320244,2399.0,,,q3,physics
0,hp_peak,62,0,s0map:G021,,,17.176999380886787,,,0.011687963197142631,28.039423709945172,803.9019714579514,2399.0,,,q3,physics
0,hp_peak,62,0,s0map:G022,,,17.955874748931663,,,0.01125387765200796,26.998052487167097,801.6293104827539,2399.0,,,q3,physics
0,hp_peak,62,0,s0map:G024,,,16.95975566718659,,,0.011934973710255654,28.632001930903314,800.7036960432338,2399.0,,,q3,physics
0,hp_peak,62,0,s0map:G028,,,17.21474993566294,,,0.011613471491344278,27.86071810773492,806.4227127837642,2399.0,,,q3,physics
0,hp_peak,62,0,s0:paperA_corr,,,,,2399.0,0.01277919028602615,,,,,,q3,physics
0,hp_peak,62,0,s0:paperA_corr_all,,,,,2399.0,0.01277919028602615,,,,,,q3,physics
0,hp_peak,62,0,cf:fold0,,0.02533558219956376,,,46.0,,,,,,,q3,physics
0,hp_peak,62,0,cf:fold1,,0.025007001534760664,,,50.0,,,,,,,q3,physics
0,hp_peak,62,0,cf:fold2,,0.025061517327579795,,,44.0,,,,,,,q3,physics
0,hp_peak,62,0,cf:fold3,,0.025371652583343896,,,46.0,,,,,,,q3,physics
0,hp_peak,62,0,own,,0.02454092621189364,,,62.0,,,,,6.611402607834231,0.7796902923448155,q3,physics
0,hp_peak,292,0,all,0.034998564126340316,0.024976108852329308,12.917655939225696,1065.4862628008198,292.0,,,,,,,q3,physics
0,hp_peak,292,0,G001,0.03417700754491354,0.02783716816330166,12.333421177767558,262.0492041741627,74.0,,,,,,,q3,physics
0,hp_peak,292,0,G002,0.037995242189194985,0.02223127426305004,12.915080256066211,336.9653613765259,91.0,,,,,,,q3,physics
0,hp_peak,292,0,G006,0.03213496843942935,0.026074870944739516,12.976319069700232,55.91104170489334,13.0,,,,,,,q3,physics
0,hp_peak,292,0,G009,0.037354020798368866,0.02107451816192846,12.489357098773665,96.83034159398125,28.0,,,,,,,q3,physics
0,hp_peak,292,0,G013,0.031322365873768576,0.023158676351749334,14.153299735053759,52.05290187382728,13.0,,,,,,,q3,physics
0,hp_peak,292,0,s0map:G001,,,15.427948873656492,,,0.012643744962998584,30.332344166233604,815.524079541955,2399.0,,,q3,physics
0,hp_peak,292,0,s0map:G002,,,15.905599112591327,,,0.01277919028602615,30.657277496176732,807.4326614406946,2399.0,,,q3,physics
0,hp_peak,292,0,s0map:G003,,,17.501407659664707,,,0.01105845028100914,26.529222224140927,805.7713107270429,2399.0,,,q3,physics
0,hp_peak,292,0,s0map:G005,,,13.932292775606232,,,0.0137745845808637,33.04522840949202,838.178625047665,2399.0,,,q3,physics
0,hp_peak,292,0,s0map:G006,,,15.575644296085148,,,0.012463369839528773,29.899624245029525,818.399436827732,2399.0,,,q3,physics
0,hp_peak,292,0,s0map:G007,,,14.078803872785452,,,0.013946396165565167,33.457404401190836,827.0612145197622,2399.0,,,q3,physics
0,hp_peak,292,0,s0map:G008,,,17.270929831069665,,,0.012174283647204635,29.20610646964392,798.2212813454177,2399.0,,,q3,physics
0,hp_peak,292,0,s0map:G009,,,15.164190752681503,,,0.013052829825320892,31.313738750944818,818.2759912092622,2399.0,,,q3,physics
0,hp_peak,292,0,s0map:G010,,,17.517533061919217,,,0.011559964020605282,27.73235368543207,806.843405330095,2399.0,,,q3,physics
0,hp_peak,292,0,s0map:G011,,,17.865127613170593,,,0.011339974458623841,27.204598726238597,796.5148112259722,2399.0,,,q3,physics
0,hp_peak,292,0,s0map:G012,,,16.612196521336404,,,0.012050782120390896,28.90982630681776,808.532540539157,2399.0,,,q3,physics
0,hp_peak,292,0,s0map:G013,,,17.00898641880518,,,0.011747666725977228,28.18265247561937,808.2543938966219,2399.0,,,q3,physics
0,hp_peak,292,0,s0map:G014,,,15.070778229079828,,,0.013026679975432129,31.251005261061675,822.8277186687886,2399.0,,,q3,physics
0,hp_peak,292,0,s0map:G015,,,15.899032215926615,,,0.012599204124109673,30.225490693739104,816.1192060079394,2399.0,,,q3,physics
0,hp_peak,292,0,s0map:G016,,,17.29517300760947,,,0.01163885559343663,27.921614568654476,800.1003465161004,2399.0,,,q3,physics
0,hp_peak,292,0,s0map:G017,,,16.56701571698137,,,0.01211992986199189,29.075711738918546,800.9732107628407,2399.0,,,q3,physics
0,hp_peak,292,0,s0map:G018,,,15.443438069948405,,,0.012872451544614862,30.881011255531053,817.3580872876445,2399.0,,,q3,physics
0,hp_peak,292,0,s0map:G019,,,14.77113644920331,,,0.013134690822003274,31.51012328198585,822.5511982704191,2399.0,,,q3,physics
0,hp_peak,292,0,s0map:G020,,,17.239150685044716,,,0.01185221284190208,28.43345860772309,798.7087434320244,2399.0,,,q3,physics
0,hp_peak,292,0,s0map:G021,,,17.176999380886787,,,0.011687963197142631,28.039423709945172,803.9019714579514,2399.0,,,q3,physics
0,hp_peak,292,0,s0map:G022,,,17.955874748931663,,,0.01125387765200796,26.998052487167097,801.6293104827539,2399.0,,,q3,physics
0,hp_peak,292,0,s0map:G023,,,17.048902974809778,,,0.011536161515688773,27.675251476137365,802.8589705515994,2399.0,,,q3,physics
0,hp_peak,292,0,s0map:G024,,,16.95975566718659,,,0.011934973710255654,28.632001930903314,800.7036960432338,2399.0,,,q3,physics
0,hp_peak,292,0,s0map:G025,,,18.13945821176469,,,0.01109291548993298,26.611904260349217,802.2044979143359,2399.0,,,q3,physics
0,hp_peak,292,0,s0map:G028,,,17.21474993566294,,,0.011613471491344278,27.86071810773492,806.4227127837642,2399.0,,,q3,physics
0,hp_peak,292,0,s0map:G031,,,16.74033735183407,,,0.012290739777835149,29.485484727026524,805.8448659018078,2399.0,,,q3,physics
0,hp_peak,292,0,s0:paperA_corr,,,,,2399.0,0.012643744962998584,,,,,,q3,physics
0,hp_peak,292,0,s0:paperA_corr_all,,,,,2399.0,0.012643744962998584,,,,,,q3,physics
0,hp_peak,292,0,cf:fold0,,0.024757887906435558,,,217.0,,,,,,,q3,physics
0,hp_peak,292,0,cf:fold1,,0.02511790101492806,,,221.0,,,,,,,q3,physics
0,hp_peak,292,0,cf:fold2,,0.024993435825016938,,,219.0,,,,,,,q3,physics
0,hp_peak,292,0,cf:fold3,,0.025031308066535904,,,219.0,,,,,,,q3,physics
0,hp_peak,292,0,own,,0.02518679794088693,,,292.0,,,,,30.504201294744067,3.6680140847890685,q3,physics
