by,method [anchor],bin,n_seeds,MAPE % median [5%-90%],RMSE kW median [5%-90%]
penetration p,XGBoost [size_peak],0.05,20,77.62 [47.82–93.26],7.59 [5.44–10.96]
penetration p,XGBoost [size_peak],0.1,20,50.61 [32.77–61.71],10.92 [7.40–14.37]
penetration p,XGBoost [size_peak],0.2,20,34.92 [25.02–49.15],9.38 [6.74–14.45]
penetration p,XGBoost [size_peak],0.3,20,21.53 [18.57–35.02],10.32 [7.75–20.63]
penetration p,XGBoost [size_peak],0.5,20,18.32 [11.77–30.50],11.75 [5.30–21.05]
penetration p,XGBoost [size_peak],1.0,20,18.42 [9.09–34.77],14.14 [6.20–27.81]
penetration p,anchor-only Linear [peak],0.05,20,125.74 [99.40–172.50],22.55 [16.17–24.16]
penetration p,anchor-only Linear [peak],0.1,20,48.14 [24.89–69.43],12.79 [5.78–18.02]
penetration p,anchor-only Linear [peak],0.2,20,34.66 [26.42–41.31],7.92 [5.99–11.41]
penetration p,anchor-only Linear [peak],0.3,20,30.46 [20.59–38.65],12.58 [6.98–19.21]
penetration p,anchor-only Linear [peak],0.5,20,33.50 [15.79–43.85],19.04 [7.54–27.53]
penetration p,anchor-only Linear [peak],1.0,20,38.27 [20.37–48.81],27.65 [13.66–39.29]
penetration p,physics: slope-base,0.05,20,52.39 [38.35–74.15],6.86 [5.92–9.17]
penetration p,physics: slope-base,0.1,20,35.83 [24.88–56.05],9.24 [6.74–13.34]
penetration p,physics: slope-base,0.2,20,25.84 [17.81–34.61],8.19 [5.24–12.16]
penetration p,physics: slope-base,0.3,20,18.59 [10.66–29.59],8.56 [4.53–16.29]
penetration p,physics: slope-base,0.5,20,16.28 [9.04–31.29],9.43 [5.69–18.86]
penetration p,physics: slope-base,1.0,20,14.48 [5.60–31.67],11.27 [4.96–22.09]
size,XGBoost [size_peak],10.0,20,59.73 [42.49–81.73],7.84 [5.25–11.13]
size,XGBoost [size_peak],20.0,20,50.65 [41.58–64.10],8.43 [5.92–12.84]
size,XGBoost [size_peak],40.0,20,41.15 [28.56–52.01],11.41 [8.57–19.61]
size,XGBoost [size_peak],80.0,20,26.42 [12.86–35.68],12.13 [8.32–17.28]
size,XGBoost [size_peak],120.0,20,22.56 [10.80–33.68],16.73 [7.93–23.89]
size,anchor-only Linear [peak],10.0,20,53.61 [47.48–60.72],11.33 [6.44–14.69]
size,anchor-only Linear [peak],20.0,20,72.40 [46.95–95.17],11.09 [8.21–15.48]
size,anchor-only Linear [peak],40.0,20,84.28 [53.37–100.51],16.14 [13.27–19.47]
size,anchor-only Linear [peak],80.0,20,71.55 [33.29–97.37],24.45 [14.47–29.60]
size,anchor-only Linear [peak],120.0,20,80.38 [40.27–94.49],38.61 [24.76–44.62]
size,physics: slope-base,10.0,20,39.76 [27.89–54.16],5.97 [4.29–9.76]
size,physics: slope-base,20.0,20,39.83 [28.77–52.40],6.92 [4.86–11.46]
size,physics: slope-base,40.0,20,33.87 [26.16–46.94],10.36 [5.76–16.29]
size,physics: slope-base,80.0,20,23.23 [17.45–34.00],11.16 [7.99–14.20]
size,physics: slope-base,120.0,20,21.53 [10.64–27.33],13.94 [7.90–19.56]
