method [anchor],arm,n_seeds,R2 median [5%-90%],MAPE % median [5%-90%],RMSE kW median [5%-90%],test HP households (median),"T_h at bound, test share"
physics: slope-only,main,20,0.874 [0.744–0.922],34.88 [27.61–43.70],9.24 [7.14–12.88],20.0,0.023
physics: slope-base,main,20,0.896 [0.736–0.944],36.38 [27.29–49.01],8.09 [6.26–12.80],20.0,0.023
physics: calibrated-delta,main,20,0.870 [0.742–0.919],36.39 [30.39–46.89],9.33 [7.44–13.09],20.0,0.023
physics: HDH (fixed 12 °C base),main,20,0.873 [0.742–0.920],35.34 [28.83–47.53],9.27 [7.41–12.88],20.0,
anchor-only Linear [size],main,20,0.071 [-0.357–0.215],190.74 [125.95–222.46],25.21 [23.78–27.65],20.0,
anchor-only Linear [peak],main,20,0.542 [0.346–0.696],65.20 [54.37–80.02],17.08 [15.98–18.37],20.0,
anchor-only Linear [size+peak],main,20,0.839 [0.562–0.906],58.36 [40.63–72.80],10.03 [8.01–13.56],20.0,
anchor-only XGBoost [size],main,20,0.091 [-0.326–0.211],179.33 [122.21–209.51],24.83 [23.77–27.66],20.0,
anchor-only XGBoost [peak],main,20,0.530 [0.381–0.654],80.09 [53.67–97.41],18.01 [15.84–20.95],20.0,
anchor-only XGBoost [size+peak],main,20,0.759 [0.647–0.803],64.89 [44.56–86.67],13.29 [10.27–15.42],20.0,
ElasticNet [none],main,20,0.706 [0.495–0.819],76.80 [54.84–93.47],13.77 [11.43–16.93],20.0,
PLS [none],main,20,0.668 [0.415–0.796],80.95 [59.35–117.19],15.10 [12.58–18.46],20.0,
Ridge [none],main,20,0.705 [0.485–0.803],75.72 [55.64–93.53],13.78 [11.71–17.11],20.0,
SVR [none],main,20,0.775 [0.582–0.867],62.20 [44.47–73.23],11.67 [9.89–16.31],20.0,
XGBoost [none],main,20,0.725 [0.463–0.835],57.55 [40.52–76.03],13.13 [11.12–17.79],20.0,
ElasticNet [size],main,20,0.707 [0.433–0.829],71.52 [55.03–91.65],13.56 [11.65–17.67],20.0,
PLS [size],main,20,0.684 [0.414–0.797],79.35 [59.42–114.38],14.76 [12.46–17.76],20.0,
Ridge [size],main,20,0.705 [0.441–0.816],75.31 [54.54–92.48],13.70 [11.02–17.62],20.0,
SVR [size],main,20,0.785 [0.547–0.880],60.73 [45.69–73.57],11.13 [9.41–16.61],20.0,
XGBoost [size],main,20,0.738 [0.515–0.818],61.14 [40.97–74.91],12.79 [10.82–16.86],20.0,
ElasticNet [size_peak],main,20,0.856 [0.586–0.916],52.03 [43.71–59.52],9.60 [7.55–14.68],20.0,
PLS [size_peak],main,20,0.801 [0.562–0.874],62.67 [46.05–79.69],11.06 [8.97–15.13],20.0,
Ridge [size_peak],main,20,0.841 [0.703–0.898],54.47 [41.98–67.21],10.38 [7.84–15.29],20.0,
SVR [size_peak],main,20,0.825 [0.622–0.904],55.10 [39.82–66.08],10.12 [8.50–15.97],20.0,
XGBoost [size_peak],main,20,0.858 [0.655–0.896],47.79 [38.13–58.52],10.02 [7.91–14.59],20.0,
FFNN (reduced budget) [none],ffnn,5,0.556 [0.456–0.688],79.29 [63.61–97.48],16.87 [15.26–17.50],20.0,
FFNN (reduced budget) [size_peak],ffnn,5,0.609 [0.232–0.688],89.35 [63.23–129.05],15.31 [13.85–21.81],20.0,
