family,scope,flagged,drop100_all_median,drop_share_pos,n_pairs,cond1,all_wins,all_median_d,cond2_criterion,asym_below_share,cond2_asymptote,n_star_median,n_star_q05,n_star_q90,n_star_inf_seeds,fit_flags,verdict
kernel,all,False,-0.09687403283402851,0.4,20,False,10/10,-5.014297146529072,True,1.0,True,38.68699178554745,9.75550579511477,59.37490412115477,0,4,inconclusive
kernel,pbin<=15,True,-1.2629290004295974,0.25,20,False,10/10,-15.67314428957231,True,0.8,True,17.432085713931365,6.139037149084757e-19,27.50452507158591,2,8,inconclusive
kernel,pbin15-35,True,-0.025170433720850482,0.5,20,False,2/10,1.7681635873853523,False,0.4,False,1330.7099065427149,56.38954146181339,57935.79455239746,6,4,I or features
kernel,pbin35-65,True,1.4556773282873223,0.75,20,False,7/10,-1.2406673755579734,False,0.9,True,147.55982955994344,60.21888215780628,556.2245413797217,1,6,inconclusive
kernel,pbin>65,False,-0.18162766074964853,0.45,20,False,7/10,-2.1919402381199022,False,0.8,True,113.0970404030882,41.537719833771504,259.95416021155523,2,4,inconclusive
linear,all,False,2.13697860782786,0.9,20,True,10/10,-3.772294265516793,True,1.0,True,73.07894788530908,46.215775374666194,136.2383095260488,0,4,D
linear,pbin<=15,True,0.1892962839624488,0.55,20,False,10/10,-11.61399505036938,True,0.8,True,6.568450880028816,0.29124642979295984,51.17360483426306,2,7,inconclusive
linear,pbin15-35,True,3.730074581727605,0.95,20,True,4/10,0.537875761058169,False,0.9,True,309.210712807682,137.1006569869427,3466.0358455342152,1,5,D
linear,pbin35-65,True,1.6010200439698288,0.85,20,True,1/10,3.4297013966338916,False,0.4,False,411.8444673208012,324.7451196750913,1377.2819814248658,6,4,inconclusive
linear,pbin>65,False,2.9976982616824523,0.85,20,True,3/10,2.1844027423848296,False,0.6,False,724.2620931386328,263.8992463540376,10443.822724938625,4,4,inconclusive
neural,all,False,-0.47305800709066936,0.4,20,False,10/10,-7.317317374430196,True,1.0,True,47.782006828113474,35.22021474904273,61.21297179171297,0,6,inconclusive
neural,pbin<=15,True,-2.8552194738312657,0.15,20,False,10/10,-16.309591726711137,True,0.8,True,19.902777987731795,0.4386229852247453,27.522228731727466,2,9,inconclusive
neural,pbin15-35,True,0.29318134937522444,0.55,20,False,5/10,0.4566086865479537,False,0.6,False,112.40470336648869,69.9156189858747,225.99583249950769,4,5,I or features
neural,pbin35-65,True,0.48703695157025706,0.75,20,False,9/10,-2.0287505993050186,True,0.9,True,112.65403322869035,65.03423797237349,237.16442829019718,1,4,inconclusive
neural,pbin>65,False,1.1727834740167555,0.8,20,True,10/10,-4.334104179498474,True,1.0,True,101.6009742510344,73.37933376255683,172.65042429848359,0,4,D
rawseries,all,False,2.4877691922765193,0.9,20,True,10/10,-9.428327835693192,True,1.0,True,56.30981074096876,29.773537104926284,74.21662107104731,0,3,D
rawseries,pbin<=15,True,1.0424653094368672,0.65,20,False,10/10,-19.239415507536044,True,1.0,True,20.151433788484187,0.005023250704894314,45.119344251118925,0,7,inconclusive
rawseries,pbin15-35,True,3.1555728113537844,0.75,20,False,8/10,-3.07693326897982,True,1.0,True,99.1950395792576,73.34802724650187,186.34792274559385,0,3,inconclusive
rawseries,pbin35-65,True,2.8168956386008093,0.85,20,True,10/10,-3.0621957546105856,True,0.9,True,110.81216263672614,67.56868963291275,146.7969385623202,1,4,D
rawseries,pbin>65,False,4.002717211395045,0.9,20,True,8/10,-3.8625559355988655,True,1.0,True,129.30541971295958,87.88612523361428,245.74604557452147,0,4,D
trees,all,False,0.0844125873054562,0.5,20,False,10/10,-5.101358506293716,True,1.0,True,52.85504146235843,38.03941897106209,80.7719455680932,0,4,inconclusive
trees,pbin<=15,True,-1.549391785398825,0.25,20,False,10/10,-14.36908889808391,True,0.8,True,17.58127738228027,2.270436497671704,21.57334836863698,2,9,inconclusive
trees,pbin15-35,True,0.26535447892600317,0.6,20,False,2/10,2.490280341013346,False,0.3,False,112.44350788140488,79.7992553369059,277.0549645028726,7,5,I or features
trees,pbin35-65,True,1.2980925218090889,0.7,20,False,5/10,0.5230285771821599,False,0.7,False,163.96287267899842,103.7549915598488,268.6013153637094,3,3,inconclusive
trees,pbin>65,False,2.0857758191619,0.65,20,False,8/10,-2.206440171624992,True,1.0,True,128.00135754068435,109.58196543418195,201.0810347521926,0,5,inconclusive
